donor_id,locality_tier,house_type,donation_2023,donation_2024,donation_2025,consistency_score,preferred_mode,earning_members,target_2026
DN-10000,TIER_2,INDEPENDENT_HOUSE,2000,2150,2300,0.9,CASH,4,2450
DN-10001,TIER_2,APARTMENT_FLAT,2050,2200,2350,1.0,CASH,2,2550
DN-10002,TIER_3,APARTMENT_FLAT,950,1050,1200,1.0,CASH,2,1250
DN-10003,TIER_2,CLINIC_PROFESSIONAL,0,1250,0,0.7,UPI,2,1250
DN-10004,TIER_2,APARTMENT_FLAT,2500,2850,3050,1.0,UPI,1,3400
DN-10005,TIER_1,INDEPENDENT_HOUSE,3950,4450,4950,1.0,UPI,3,5600
DN-10006,TIER_1,INDEPENDENT_HOUSE,3200,3650,4000,0.9,CASH,2,4200
DN-10007,TIER_2,APARTMENT_FLAT,900,1000,1050,1.0,CASH,2,1150
DN-10008,TIER_2,APARTMENT_FLAT,1400,1550,1650,1.0,CASH,2,1800
DN-10009,TIER_1,APARTMENT_FLAT,3100,3300,3750,1.0,CASH,1,4000
DN-10010,TIER_1,APARTMENT_FLAT,0,5000,5700,0.9,UPI,4,6250
DN-10011,TIER_2,INDEPENDENT_HOUSE,2550,2900,3150,1.0,CASH,2,3350
DN-10012,TIER_1,APARTMENT_FLAT,2050,2200,2350,0.9,UPI,4,2550
DN-10013,TIER_2,INDEPENDENT_HOUSE,1700,1850,2100,1.0,UPI,1,2300
DN-10014,TIER_1,APARTMENT_FLAT,2350,2550,2700,1.0,CASH,4,2800
DN-10015,TIER_3,CLINIC_PROFESSIONAL,0,1050,1150,0.7,UPI,3,1150
DN-10016,TIER_1,APARTMENT_FLAT,0,0,0,0.4,UPI,1,1300
DN-10017,TIER_2,APARTMENT_FLAT,1650,1850,2100,0.9,UPI,4,2200
DN-10018,TIER_1,COMMERCIAL_SHOP,1550,1700,1850,1.0,UPI,2,2050
DN-10019,TIER_1,APARTMENT_FLAT,4200,4400,5050,0.9,CASH,2,5350
DN-10020,TIER_1,APARTMENT_FLAT,3250,3700,4100,1.0,CASH,1,4650
DN-10021,TIER_3,INDEPENDENT_HOUSE,1200,1300,1400,1.0,CASH,1,1500
DN-10022,TIER_1,APARTMENT_FLAT,2250,2450,2550,0.9,UPI,2,2900
DN-10023,TIER_2,COMMERCIAL_SHOP,2400,2700,3050,1.0,CASH,1,3250
DN-10024,TIER_2,APARTMENT_FLAT,0,3750,4000,0.9,UPI,2,4200
DN-10025,TIER_2,APARTMENT_FLAT,550,600,650,0.9,CASH,2,750
DN-10026,TIER_1,APARTMENT_FLAT,2600,2800,3050,1.0,CASH,1,3450
DN-10027,TIER_3,INDEPENDENT_HOUSE,1000,1050,1150,1.0,CASH,2,1300
DN-10028,TIER_1,APARTMENT_FLAT,6950,7500,8350,1.0,UPI,1,8950
DN-10029,TIER_2,APARTMENT_FLAT,1400,1450,1650,1.0,CASH,2,1800
DN-10030,TIER_2,COMMERCIAL_SHOP,2150,2400,2700,0.9,CASH,2,3000
DN-10031,TIER_2,APARTMENT_FLAT,2000,2100,2200,1.0,UPI,1,2400
DN-10032,TIER_2,COMMERCIAL_SHOP,1200,1350,1550,1.0,CASH,4,1750
DN-10033,TIER_2,APARTMENT_FLAT,950,1050,1150,0.7,CASH,4,1200
DN-10034,TIER_2,COMMERCIAL_SHOP,2050,0,2300,0.7,CASH,2,2350
DN-10035,TIER_1,APARTMENT_FLAT,2400,2550,2800,0.7,UPI,1,2850
DN-10036,TIER_1,APARTMENT_FLAT,4100,4250,4800,0.9,CASH,4,5200
DN-10037,TIER_2,COMMERCIAL_SHOP,1800,2000,2250,1.0,CASH,4,2550
DN-10038,TIER_1,APARTMENT_FLAT,2150,2300,2500,1.0,CASH,3,2800
DN-10039,TIER_1,INDEPENDENT_HOUSE,3400,3750,4200,1.0,CASH,1,4450
DN-10040,TIER_2,INDEPENDENT_HOUSE,1450,1600,0,0.7,CASH,2,1600
DN-10041,TIER_1,INDEPENDENT_HOUSE,3650,4050,4550,1.0,UPI,2,4750
DN-10042,TIER_3,APARTMENT_FLAT,1900,2050,2350,0.9,CASH,3,2700
DN-10043,TIER_2,APARTMENT_FLAT,0,4100,4500,0.9,UPI,2,5000
DN-10044,TIER_1,INDEPENDENT_HOUSE,4550,4900,5300,1.0,UPI,2,5700
DN-10045,TIER_1,COMMERCIAL_SHOP,3200,0,3600,0.9,UPI,3,4050
DN-10046,TIER_2,APARTMENT_FLAT,1450,1600,1750,1.0,CASH,2,1950
DN-10047,TIER_1,INDEPENDENT_HOUSE,2800,0,3000,0.9,CASH,4,3300
DN-10048,TIER_2,CLINIC_PROFESSIONAL,2700,2800,3000,1.0,CASH,1,3350
DN-10049,TIER_3,APARTMENT_FLAT,500,550,600,1.0,CASH,1,650
DN-10050,TIER_1,COMMERCIAL_SHOP,4900,5400,5900,1.0,CASH,3,6500
DN-10051,TIER_1,APARTMENT_FLAT,2450,2600,2750,1.0,UPI,1,2850
DN-10052,TIER_2,APARTMENT_FLAT,1350,1450,1650,1.0,CASH,1,1750
DN-10053,TIER_2,APARTMENT_FLAT,0,1600,1800,0.7,CASH,2,1750
DN-10054,TIER_2,COMMERCIAL_SHOP,1450,1550,1800,1.0,CASH,2,2050
DN-10055,TIER_2,APARTMENT_FLAT,1400,1600,1800,1.0,CASH,2,1950
DN-10056,TIER_2,COMMERCIAL_SHOP,1900,2050,2200,1.0,CASH,1,2400
DN-10057,TIER_2,APARTMENT_FLAT,2550,2800,3000,1.0,CASH,3,3250
DN-10058,TIER_1,CLINIC_PROFESSIONAL,2800,3200,3500,1.0,UPI,3,3950
DN-10059,TIER_3,INDEPENDENT_HOUSE,850,900,950,0.9,CASH,1,1000
DN-10060,TIER_1,APARTMENT_FLAT,900,1000,1100,1.0,UPI,2,1200
DN-10061,TIER_1,APARTMENT_FLAT,4350,4650,5300,1.0,UPI,3,5650
DN-10062,TIER_2,COMMERCIAL_SHOP,0,1650,1850,0.9,CASH,4,2000
DN-10063,TIER_3,INDEPENDENT_HOUSE,1750,1950,2150,1.0,CASH,4,2300
DN-10064,TIER_2,APARTMENT_FLAT,1100,1250,0,0.7,CASH,1,1200
DN-10065,TIER_2,APARTMENT_FLAT,700,750,850,0.7,CASH,1,850
DN-10066,TIER_2,APARTMENT_FLAT,1200,1350,1500,1.0,UPI,1,1650
DN-10067,TIER_2,APARTMENT_FLAT,850,950,1050,1.0,CASH,4,1150
DN-10068,TIER_1,APARTMENT_FLAT,5900,6700,7550,1.0,CASH,2,8450
DN-10069,TIER_2,APARTMENT_FLAT,1650,1800,2000,1.0,CASH,3,2150
DN-10070,TIER_1,APARTMENT_FLAT,4350,4900,5400,1.0,UPI,3,5700
DN-10071,TIER_3,INDEPENDENT_HOUSE,0,2350,0,0.7,UPI,3,2450
DN-10072,TIER_3,COMMERCIAL_SHOP,800,900,1000,1.0,CASH,1,1050
DN-10073,TIER_2,COMMERCIAL_SHOP,4650,5050,5650,1.0,UPI,1,5900
DN-10074,TIER_1,APARTMENT_FLAT,5300,6000,6750,1.0,UPI,1,7300
DN-10075,TIER_3,APARTMENT_FLAT,1350,1450,1600,0.7,CASH,2,1700
DN-10076,TIER_1,INDEPENDENT_HOUSE,8850,10050,10900,0.9,CASH,4,11550
DN-10077,TIER_1,INDEPENDENT_HOUSE,2400,0,2750,0.7,UPI,2,2700
DN-10078,TIER_2,INDEPENDENT_HOUSE,2300,2450,2700,1.0,UPI,3,2800
DN-10079,TIER_2,APARTMENT_FLAT,1300,1450,1600,1.0,CASH,3,1650
DN-10080,TIER_3,APARTMENT_FLAT,1250,1300,1450,1.0,CASH,2,1600
DN-10081,TIER_2,APARTMENT_FLAT,2400,2700,2900,1.0,CASH,3,3100
DN-10082,TIER_2,APARTMENT_FLAT,1300,1350,1500,1.0,CASH,1,1550
DN-10083,TIER_2,APARTMENT_FLAT,2000,2250,2500,1.0,CASH,4,2700
DN-10084,TIER_2,INDEPENDENT_HOUSE,750,800,900,1.0,CASH,4,1000
DN-10085,TIER_1,COMMERCIAL_SHOP,4250,4550,4800,0.9,CASH,2,5200
DN-10086,TIER_2,CLINIC_PROFESSIONAL,3150,3400,3750,1.0,CASH,1,4200
DN-10087,TIER_2,INDEPENDENT_HOUSE,2550,2850,3100,0.9,UPI,3,3450
DN-10088,TIER_2,APARTMENT_FLAT,2000,2250,2400,1.0,CASH,4,2500
DN-10089,TIER_2,APARTMENT_FLAT,4650,4850,5550,0.9,CASH,3,6100
DN-10090,TIER_1,APARTMENT_FLAT,3250,3500,3850,0.7,UPI,2,3750
DN-10091,TIER_2,INDEPENDENT_HOUSE,1850,1950,2100,0.9,CASH,1,2200
DN-10092,TIER_1,INDEPENDENT_HOUSE,1850,2050,2250,0.9,CASH,4,2500
DN-10093,TIER_1,CLINIC_PROFESSIONAL,2250,2500,2700,1.0,UPI,1,2950
DN-10094,TIER_1,COMMERCIAL_SHOP,9250,10150,0,0.7,CASH,2,10650
DN-10095,TIER_1,APARTMENT_FLAT,3300,3550,3900,1.0,UPI,3,4150
DN-10096,TIER_3,APARTMENT_FLAT,600,650,700,0.7,CASH,2,700
DN-10097,TIER_2,APARTMENT_FLAT,0,1250,1350,0.7,CASH,4,1350
DN-10098,TIER_2,INDEPENDENT_HOUSE,1100,1250,1300,1.0,CASH,2,1350
DN-10099,TIER_1,INDEPENDENT_HOUSE,2400,2500,0,0.7,UPI,4,2600
DN-10100,TIER_1,APARTMENT_FLAT,2600,2900,3150,1.0,UPI,2,3500
DN-10101,TIER_3,APARTMENT_FLAT,550,650,750,0.9,UPI,4,850
DN-10102,TIER_3,APARTMENT_FLAT,750,800,900,1.0,CASH,4,950
DN-10103,TIER_3,INDEPENDENT_HOUSE,1700,1850,0,0.9,UPI,2,2000
DN-10104,TIER_3,APARTMENT_FLAT,500,500,550,1.0,UPI,3,550
DN-10105,TIER_2,INDEPENDENT_HOUSE,2250,2400,2650,0.9,CASH,2,2800
DN-10106,TIER_1,INDEPENDENT_HOUSE,3600,3950,4350,1.0,CASH,2,4500
DN-10107,TIER_1,APARTMENT_FLAT,4950,5400,6200,0.9,UPI,3,6700
DN-10108,TIER_1,APARTMENT_FLAT,1350,1400,1600,1.0,UPI,2,1700
DN-10109,TIER_3,INDEPENDENT_HOUSE,1800,2000,2250,0.9,CASH,2,2350
DN-10110,TIER_3,APARTMENT_FLAT,600,650,700,0.9,CASH,3,800
DN-10111,TIER_3,APARTMENT_FLAT,1250,1350,0,0.7,CASH,1,1400
DN-10112,TIER_2,CLINIC_PROFESSIONAL,2400,2650,2900,1.0,UPI,2,3250
DN-10113,TIER_2,APARTMENT_FLAT,1800,1950,2200,1.0,UPI,4,2300
DN-10114,TIER_2,APARTMENT_FLAT,1950,2050,2250,1.0,UPI,2,2350
DN-10115,TIER_2,APARTMENT_FLAT,1650,1800,2000,1.0,UPI,3,2150
DN-10116,TIER_1,APARTMENT_FLAT,1250,1400,1600,1.0,CASH,1,1750
DN-10117,TIER_2,INDEPENDENT_HOUSE,500,550,600,1.0,CASH,3,650
DN-10118,TIER_1,APARTMENT_FLAT,1250,1400,1550,1.0,CASH,2,1600
DN-10119,TIER_2,APARTMENT_FLAT,2800,3100,3550,0.9,UPI,1,4050
DN-10120,TIER_3,APARTMENT_FLAT,750,800,850,0.7,CASH,4,900
DN-10121,TIER_2,APARTMENT_FLAT,1700,1900,2150,1.0,CASH,1,2250
DN-10122,TIER_3,APARTMENT_FLAT,650,700,750,1.0,UPI,3,850
DN-10123,TIER_1,INDEPENDENT_HOUSE,4350,4800,5400,1.0,CASH,2,6150
DN-10124,TIER_2,APARTMENT_FLAT,1700,1950,2150,1.0,CASH,4,2400
DN-10125,TIER_2,INDEPENDENT_HOUSE,2350,2550,2800,1.0,CASH,1,3100
DN-10126,TIER_1,APARTMENT_FLAT,4150,4700,5300,1.0,UPI,4,5700
DN-10127,TIER_2,APARTMENT_FLAT,900,1000,1100,1.0,UPI,2,1150
DN-10128,TIER_2,APARTMENT_FLAT,2850,3000,3300,1.0,CASH,2,3600
DN-10129,TIER_3,APARTMENT_FLAT,600,650,700,1.0,CASH,2,750
DN-10130,TIER_2,CLINIC_PROFESSIONAL,950,1100,1250,0.9,CASH,2,1350
DN-10131,TIER_2,APARTMENT_FLAT,1000,1100,1200,0.9,UPI,3,1300
DN-10132,TIER_2,APARTMENT_FLAT,0,1850,2000,0.7,CASH,2,2000
DN-10133,TIER_2,APARTMENT_FLAT,550,600,650,1.0,CASH,2,700
DN-10134,TIER_2,APARTMENT_FLAT,1300,1400,1550,1.0,CASH,2,1650
DN-10135,TIER_1,INDEPENDENT_HOUSE,1950,2100,2300,0.9,CASH,4,2400
DN-10136,TIER_2,INDEPENDENT_HOUSE,4450,4850,5150,1.0,CASH,3,5400
DN-10137,TIER_2,INDEPENDENT_HOUSE,2700,0,3000,0.4,CASH,2,2650
DN-10138,TIER_2,COMMERCIAL_SHOP,2600,2950,3100,0.9,UPI,2,3400
DN-10139,TIER_1,CLINIC_PROFESSIONAL,3700,4000,4250,1.0,UPI,2,4600
DN-10140,TIER_2,INDEPENDENT_HOUSE,1600,1750,1900,0.9,UPI,2,2000
DN-10141,TIER_2,COMMERCIAL_SHOP,3400,3650,4050,1.0,UPI,2,4350
DN-10142,TIER_1,INDEPENDENT_HOUSE,2850,3000,3250,1.0,UPI,2,3450
DN-10143,TIER_2,APARTMENT_FLAT,2300,0,0,0.4,CASH,4,2000
DN-10144,TIER_3,INDEPENDENT_HOUSE,500,550,600,1.0,CASH,2,650
DN-10145,TIER_2,APARTMENT_FLAT,1650,1800,2000,0.7,CASH,2,1950
DN-10146,TIER_3,APARTMENT_FLAT,750,800,850,1.0,CASH,3,950
DN-10147,TIER_2,COMMERCIAL_SHOP,2300,2600,2750,1.0,CASH,3,3150
DN-10148,TIER_2,APARTMENT_FLAT,1500,1650,1750,1.0,UPI,1,1850
DN-10149,TIER_1,APARTMENT_FLAT,2650,2750,3000,1.0,CASH,1,3200
DN-10150,TIER_2,INDEPENDENT_HOUSE,2200,2450,2700,1.0,CASH,2,2900
DN-10151,TIER_3,APARTMENT_FLAT,1850,2050,2300,1.0,CASH,3,2450
DN-10152,TIER_2,APARTMENT_FLAT,1150,1250,1400,1.0,CASH,4,1600
DN-10153,TIER_2,APARTMENT_FLAT,1500,1600,1800,1.0,UPI,4,1950
DN-10154,TIER_2,COMMERCIAL_SHOP,3300,3550,0,0.9,UPI,1,4050
DN-10155,TIER_2,APARTMENT_FLAT,3000,3200,3450,0.7,CASH,2,3450
DN-10156,TIER_2,APARTMENT_FLAT,4350,4700,5050,1.0,UPI,4,5350
DN-10157,TIER_2,APARTMENT_FLAT,2900,3150,3500,1.0,UPI,3,3950
DN-10158,TIER_2,APARTMENT_FLAT,1350,1550,1750,1.0,UPI,1,1950
DN-10159,TIER_2,APARTMENT_FLAT,1800,1950,2150,0.9,CASH,3,2350
DN-10160,TIER_1,APARTMENT_FLAT,2100,2350,2700,0.9,UPI,4,3050
DN-10161,TIER_1,INDEPENDENT_HOUSE,3200,3450,3800,1.0,CASH,1,4200
DN-10162,TIER_2,COMMERCIAL_SHOP,2300,2450,2700,1.0,CASH,1,3050
DN-10163,TIER_3,COMMERCIAL_SHOP,1150,1250,1400,1.0,UPI,1,1550
DN-10164,TIER_1,COMMERCIAL_SHOP,6000,6400,7100,1.0,CASH,3,7750
DN-10165,TIER_2,INDEPENDENT_HOUSE,0,0,0,0.4,UPI,1,1750
DN-10166,TIER_1,APARTMENT_FLAT,3500,0,3800,0.9,CASH,3,4200
DN-10167,TIER_1,APARTMENT_FLAT,1900,2100,2350,0.9,UPI,1,2450
DN-10168,TIER_3,APARTMENT_FLAT,800,850,950,1.0,CASH,1,1050
DN-10169,TIER_1,APARTMENT_FLAT,2100,2300,2500,1.0,UPI,3,2650
DN-10170,TIER_1,INDEPENDENT_HOUSE,3300,3600,3950,0.9,UPI,3,4100
DN-10171,TIER_1,APARTMENT_FLAT,3350,3750,0,0.9,UPI,2,4000
DN-10172,TIER_2,INDEPENDENT_HOUSE,1550,1650,1850,0.9,UPI,2,2100
DN-10173,TIER_2,APARTMENT_FLAT,2000,2200,2350,0.9,CASH,3,2650
DN-10174,TIER_2,INDEPENDENT_HOUSE,1700,1850,2050,1.0,CASH,1,2200
DN-10175,TIER_2,APARTMENT_FLAT,2050,2300,2500,0.7,CASH,3,2650
DN-10176,TIER_3,APARTMENT_FLAT,850,950,1050,1.0,CASH,2,1150
DN-10177,TIER_1,INDEPENDENT_HOUSE,2850,3250,3500,1.0,UPI,3,3700
DN-10178,TIER_1,INDEPENDENT_HOUSE,3050,3300,3750,1.0,CASH,4,4100
DN-10179,TIER_1,APARTMENT_FLAT,1450,1600,0,0.4,UPI,2,1400
DN-10180,TIER_2,APARTMENT_FLAT,2050,2300,2500,1.0,UPI,3,2600
DN-10181,TIER_2,APARTMENT_FLAT,1450,1650,1850,1.0,CASH,1,2050
DN-10182,TIER_2,APARTMENT_FLAT,1400,1550,1700,1.0,CASH,2,1950
DN-10183,TIER_2,APARTMENT_FLAT,1750,1900,2000,1.0,CASH,3,2200
DN-10184,TIER_2,APARTMENT_FLAT,1350,1400,1500,1.0,CASH,3,1700
DN-10185,TIER_2,INDEPENDENT_HOUSE,1300,1450,1650,1.0,CASH,2,1750
DN-10186,TIER_1,CLINIC_PROFESSIONAL,2650,2800,3100,0.9,UPI,3,3450
DN-10187,TIER_1,INDEPENDENT_HOUSE,3300,3500,3800,1.0,CASH,4,4050
DN-10188,TIER_3,APARTMENT_FLAT,0,0,2200,0.9,CASH,2,2450
DN-10189,TIER_2,APARTMENT_FLAT,2600,2800,3200,1.0,UPI,2,3500
DN-10190,TIER_2,COMMERCIAL_SHOP,1600,1800,2000,1.0,CASH,3,2150
DN-10191,TIER_3,APARTMENT_FLAT,900,1000,1150,1.0,CASH,3,1250
DN-10192,TIER_1,COMMERCIAL_SHOP,0,0,0,0.4,CASH,2,5050
DN-10193,TIER_1,APARTMENT_FLAT,3700,4100,4600,1.0,UPI,1,4800
DN-10194,TIER_1,APARTMENT_FLAT,3050,3450,3650,0.9,UPI,1,3950
DN-10195,TIER_1,APARTMENT_FLAT,3200,3550,3750,1.0,UPI,2,4150
DN-10196,TIER_2,APARTMENT_FLAT,1300,1350,1500,1.0,UPI,2,1700
DN-10197,TIER_2,INDEPENDENT_HOUSE,1650,1750,1850,1.0,CASH,4,1950
DN-10198,TIER_2,APARTMENT_FLAT,0,1500,1650,0.7,CASH,2,1750
DN-10199,TIER_1,COMMERCIAL_SHOP,5000,5700,6000,1.0,UPI,1,6400
DN-10200,TIER_3,COMMERCIAL_SHOP,950,1050,1100,0.9,UPI,2,1150
DN-10201,TIER_3,INDEPENDENT_HOUSE,1350,1500,1650,1.0,CASH,3,1750
DN-10202,TIER_1,APARTMENT_FLAT,4000,4150,4500,0.9,UPI,2,5050
DN-10203,TIER_1,INDEPENDENT_HOUSE,4350,4550,4900,0.9,UPI,4,5450
DN-10204,TIER_2,APARTMENT_FLAT,1150,0,0,0.7,CASH,1,1200
DN-10205,TIER_1,COMMERCIAL_SHOP,4000,4550,5050,1.0,CASH,2,5450
DN-10206,TIER_1,COMMERCIAL_SHOP,3000,3200,3350,1.0,UPI,2,3800
DN-10207,TIER_2,APARTMENT_FLAT,2950,3300,3550,1.0,UPI,2,4050
DN-10208,TIER_2,APARTMENT_FLAT,1550,1700,1850,0.7,CASH,2,1950
DN-10209,TIER_1,APARTMENT_FLAT,1700,1900,2150,1.0,CASH,2,2400
DN-10210,TIER_2,APARTMENT_FLAT,900,1000,1100,1.0,CASH,2,1200
DN-10211,TIER_1,INDEPENDENT_HOUSE,2600,2750,3000,1.0,UPI,2,3300
DN-10212,TIER_2,APARTMENT_FLAT,1650,1750,1850,0.9,CASH,1,2000
DN-10213,TIER_2,INDEPENDENT_HOUSE,1600,0,0,0.4,UPI,2,1350
DN-10214,TIER_1,INDEPENDENT_HOUSE,3550,3700,4200,1.0,UPI,2,4800
DN-10215,TIER_3,APARTMENT_FLAT,600,650,700,1.0,CASH,1,750
DN-10216,TIER_2,APARTMENT_FLAT,750,850,950,1.0,CASH,3,1000
DN-10217,TIER_1,INDEPENDENT_HOUSE,7200,0,0,0.7,CASH,4,7250
DN-10218,TIER_2,APARTMENT_FLAT,1000,1100,1250,1.0,CASH,2,1350
DN-10219,TIER_3,INDEPENDENT_HOUSE,950,0,1100,0.9,UPI,3,1250
DN-10220,TIER_2,COMMERCIAL_SHOP,3050,3200,3650,1.0,CASH,3,3850
DN-10221,TIER_2,INDEPENDENT_HOUSE,1550,1700,1900,1.0,CASH,2,2000
DN-10222,TIER_1,INDEPENDENT_HOUSE,2900,3200,3550,1.0,UPI,2,3800
DN-10223,TIER_2,APARTMENT_FLAT,1100,1200,1350,1.0,UPI,2,1500
DN-10224,TIER_2,APARTMENT_FLAT,1350,1500,1600,1.0,UPI,4,1800
DN-10225,TIER_1,APARTMENT_FLAT,3250,3700,4200,0.7,UPI,2,4350
DN-10226,TIER_2,INDEPENDENT_HOUSE,1700,1900,2150,1.0,CASH,1,2350
DN-10227,TIER_3,APARTMENT_FLAT,850,950,1000,1.0,UPI,2,1050
DN-10228,TIER_1,APARTMENT_FLAT,2250,2450,2800,0.7,UPI,2,2950
DN-10229,TIER_1,APARTMENT_FLAT,0,0,0,0.4,UPI,2,1250
DN-10230,TIER_1,INDEPENDENT_HOUSE,1450,1600,1700,1.0,UPI,2,1800
DN-10231,TIER_3,APARTMENT_FLAT,500,550,600,1.0,CASH,1,650
DN-10232,TIER_1,APARTMENT_FLAT,2600,2800,3200,1.0,UPI,3,3500
DN-10233,TIER_3,APARTMENT_FLAT,1050,1150,1300,1.0,CASH,4,1450
DN-10234,TIER_2,APARTMENT_FLAT,2700,2850,3250,1.0,UPI,2,3700
DN-10235,TIER_3,INDEPENDENT_HOUSE,0,1950,2100,0.7,UPI,1,2150
DN-10236,TIER_2,APARTMENT_FLAT,900,1000,1100,1.0,UPI,4,1150
DN-10237,TIER_3,COMMERCIAL_SHOP,1250,1300,1450,1.0,CASH,2,1550
DN-10238,TIER_2,INDEPENDENT_HOUSE,1450,1650,1850,1.0,CASH,3,2000
DN-10239,TIER_2,APARTMENT_FLAT,1400,1600,1750,0.9,CASH,2,1800
DN-10240,TIER_1,APARTMENT_FLAT,1150,1200,1250,1.0,UPI,2,1350
DN-10241,TIER_1,COMMERCIAL_SHOP,6000,6450,6900,1.0,CASH,2,7400
DN-10242,TIER_3,INDEPENDENT_HOUSE,1200,1250,1350,1.0,UPI,4,1500
DN-10243,TIER_1,APARTMENT_FLAT,2150,2350,2550,0.9,CASH,2,2900
DN-10244,TIER_2,APARTMENT_FLAT,1250,1300,1450,1.0,CASH,4,1600
DN-10245,TIER_1,APARTMENT_FLAT,3000,3200,3650,1.0,CASH,2,4000
DN-10246,TIER_3,COMMERCIAL_SHOP,1700,1950,2150,0.9,CASH,4,2400
DN-10247,TIER_3,APARTMENT_FLAT,450,500,550,0.9,UPI,4,600
DN-10248,TIER_1,INDEPENDENT_HOUSE,3800,4100,4450,0.9,CASH,2,5000
DN-10249,TIER_2,APARTMENT_FLAT,1650,1800,1950,1.0,UPI,3,2050
DN-10250,TIER_2,APARTMENT_FLAT,1900,0,0,0.4,UPI,2,1650
DN-10251,TIER_2,APARTMENT_FLAT,1200,1300,1400,1.0,CASH,1,1550
DN-10252,TIER_1,APARTMENT_FLAT,1550,1750,1950,1.0,UPI,1,2000
DN-10253,TIER_2,INDEPENDENT_HOUSE,2200,2400,2700,0.9,UPI,4,2900
DN-10254,TIER_2,APARTMENT_FLAT,4250,4800,5250,1.0,UPI,2,5850
DN-10255,TIER_1,INDEPENDENT_HOUSE,1300,1400,1600,1.0,UPI,1,1750
DN-10256,TIER_2,APARTMENT_FLAT,2850,3000,3350,1.0,UPI,4,3700
DN-10257,TIER_1,APARTMENT_FLAT,2350,2450,2600,1.0,UPI,2,2750
DN-10258,TIER_3,CLINIC_PROFESSIONAL,950,1050,1100,1.0,UPI,4,1150
DN-10259,TIER_2,INDEPENDENT_HOUSE,2900,3100,3550,1.0,UPI,1,3850
DN-10260,TIER_3,COMMERCIAL_SHOP,1600,1800,1900,0.9,CASH,4,2150
DN-10261,TIER_1,APARTMENT_FLAT,1550,1700,1900,1.0,UPI,2,2050
DN-10262,TIER_1,APARTMENT_FLAT,6600,7300,7950,1.0,UPI,2,8250
DN-10263,TIER_2,APARTMENT_FLAT,1900,2000,0,0.7,CASH,2,2100
DN-10264,TIER_3,APARTMENT_FLAT,600,650,700,0.9,CASH,1,800
DN-10265,TIER_1,COMMERCIAL_SHOP,6600,7350,7950,1.0,UPI,4,8650
DN-10266,TIER_2,APARTMENT_FLAT,1600,1700,1900,0.9,UPI,4,2050
DN-10267,TIER_2,COMMERCIAL_SHOP,0,4850,5400,0.9,CASH,2,6100
DN-10268,TIER_3,APARTMENT_FLAT,800,900,1000,0.9,CASH,2,1100
DN-10269,TIER_2,INDEPENDENT_HOUSE,1100,1150,1250,1.0,CASH,2,1350
DN-10270,TIER_2,INDEPENDENT_HOUSE,850,950,0,0.9,UPI,4,1050
DN-10271,TIER_2,APARTMENT_FLAT,2650,3000,3200,1.0,CASH,4,3550
DN-10272,TIER_3,APARTMENT_FLAT,0,350,0,0.7,CASH,4,350
DN-10273,TIER_1,APARTMENT_FLAT,0,0,6150,0.7,UPI,2,6150
DN-10274,TIER_3,INDEPENDENT_HOUSE,800,900,1000,1.0,CASH,4,1100
DN-10275,TIER_1,COMMERCIAL_SHOP,1150,1250,1400,0.9,UPI,2,1500
DN-10276,TIER_1,INDEPENDENT_HOUSE,3400,3750,4000,1.0,UPI,4,4300
DN-10277,TIER_2,APARTMENT_FLAT,1150,1300,1400,1.0,CASH,4,1500
DN-10278,TIER_3,COMMERCIAL_SHOP,950,1050,1200,1.0,UPI,1,1300
DN-10279,TIER_1,INDEPENDENT_HOUSE,3550,3750,4050,1.0,UPI,2,4500
DN-10280,TIER_1,COMMERCIAL_SHOP,2100,2300,2600,1.0,UPI,4,2950
DN-10281,TIER_1,APARTMENT_FLAT,1400,1500,1650,1.0,UPI,4,1850
DN-10282,TIER_2,APARTMENT_FLAT,1350,1550,1650,1.0,CASH,1,1850
DN-10283,TIER_2,APARTMENT_FLAT,800,900,950,1.0,CASH,1,1050
DN-10284,TIER_1,CLINIC_PROFESSIONAL,3550,3850,4250,1.0,CASH,1,4750
DN-10285,TIER_2,INDEPENDENT_HOUSE,1750,1950,2150,1.0,UPI,3,2300
DN-10286,TIER_2,APARTMENT_FLAT,1250,1400,1600,1.0,UPI,2,1750
DN-10287,TIER_2,APARTMENT_FLAT,2100,2300,2550,1.0,UPI,4,2750
DN-10288,TIER_1,APARTMENT_FLAT,0,0,0,0.4,UPI,2,1650
DN-10289,TIER_1,INDEPENDENT_HOUSE,8600,9600,10400,1.0,UPI,4,11500
DN-10290,TIER_1,INDEPENDENT_HOUSE,2500,2800,3100,1.0,UPI,1,3250
DN-10291,TIER_1,INDEPENDENT_HOUSE,2450,2600,2750,1.0,UPI,2,3000
DN-10292,TIER_2,APARTMENT_FLAT,850,900,1000,1.0,UPI,2,1150
DN-10293,TIER_2,APARTMENT_FLAT,1100,1150,1200,1.0,UPI,4,1350
DN-10294,TIER_1,APARTMENT_FLAT,0,1700,1900,0.7,UPI,2,1850
DN-10295,TIER_2,CLINIC_PROFESSIONAL,1250,1400,1500,1.0,CASH,4,1600
DN-10296,TIER_1,INDEPENDENT_HOUSE,10250,11250,12800,0.9,UPI,2,14300
DN-10297,TIER_1,APARTMENT_FLAT,1700,1850,2000,1.0,CASH,2,2100
DN-10298,TIER_1,CLINIC_PROFESSIONAL,2850,3050,3500,0.9,UPI,2,3700
DN-10299,TIER_2,APARTMENT_FLAT,1100,1200,1300,0.7,UPI,2,1350
DN-10300,TIER_1,INDEPENDENT_HOUSE,1600,1750,1950,0.9,UPI,2,2100
DN-10301,TIER_1,APARTMENT_FLAT,1300,1350,1450,1.0,CASH,1,1600
DN-10302,TIER_3,APARTMENT_FLAT,1200,1250,1350,1.0,CASH,4,1500
DN-10303,TIER_1,APARTMENT_FLAT,950,1000,1050,1.0,CASH,2,1150
DN-10304,TIER_2,INDEPENDENT_HOUSE,3350,3700,0,0.7,CASH,3,3950
DN-10305,TIER_2,APARTMENT_FLAT,950,1050,1150,1.0,CASH,1,1300
DN-10306,TIER_2,INDEPENDENT_HOUSE,2150,2250,2350,1.0,CASH,2,2550
DN-10307,TIER_2,APARTMENT_FLAT,550,600,650,1.0,UPI,2,700
DN-10308,TIER_2,APARTMENT_FLAT,900,1000,1150,1.0,CASH,2,1250
DN-10309,TIER_1,APARTMENT_FLAT,2550,2650,2950,0.9,CASH,4,3200
DN-10310,TIER_2,INDEPENDENT_HOUSE,2200,2400,2650,1.0,CASH,3,2950
DN-10311,TIER_1,COMMERCIAL_SHOP,4650,0,5200,0.7,UPI,2,5400
DN-10312,TIER_1,INDEPENDENT_HOUSE,7250,7900,8350,0.9,UPI,4,8900
DN-10313,TIER_3,APARTMENT_FLAT,2800,3150,0,0.4,UPI,1,2650
DN-10314,TIER_2,APARTMENT_FLAT,1250,1350,1450,1.0,CASH,3,1550
DN-10315,TIER_2,COMMERCIAL_SHOP,2850,3200,3600,0.7,CASH,4,3600
DN-10316,TIER_1,COMMERCIAL_SHOP,3800,0,4100,0.9,CASH,2,4650
DN-10317,TIER_2,INDEPENDENT_HOUSE,2200,2350,2500,0.9,UPI,3,2850
DN-10318,TIER_2,APARTMENT_FLAT,1250,1400,1550,1.0,CASH,2,1650
DN-10319,TIER_2,INDEPENDENT_HOUSE,2050,2200,2500,1.0,CASH,2,2750
DN-10320,TIER_2,INDEPENDENT_HOUSE,2100,2250,2500,1.0,UPI,2,2700
DN-10321,TIER_2,APARTMENT_FLAT,2500,2850,3200,1.0,CASH,3,3500
DN-10322,TIER_1,COMMERCIAL_SHOP,3700,4100,4450,1.0,UPI,4,4750
DN-10323,TIER_1,INDEPENDENT_HOUSE,1850,1950,2100,1.0,UPI,2,2300
DN-10324,TIER_1,APARTMENT_FLAT,1650,1900,2050,1.0,UPI,3,2300
DN-10325,TIER_3,APARTMENT_FLAT,1200,1350,1500,1.0,CASH,2,1550
DN-10326,TIER_1,APARTMENT_FLAT,1700,1950,2150,1.0,UPI,1,2250
DN-10327,TIER_1,INDEPENDENT_HOUSE,1900,2050,2350,1.0,UPI,3,2450
DN-10328,TIER_2,CLINIC_PROFESSIONAL,3450,3850,4100,1.0,CASH,2,4250
DN-10329,TIER_3,APARTMENT_FLAT,1100,1200,1350,1.0,UPI,4,1500
DN-10330,TIER_2,APARTMENT_FLAT,500,550,600,1.0,CASH,2,650
DN-10331,TIER_2,INDEPENDENT_HOUSE,0,1700,1850,0.7,UPI,2,1800
DN-10332,TIER_1,COMMERCIAL_SHOP,3250,3400,3750,0.9,CASH,2,4150
DN-10333,TIER_1,APARTMENT_FLAT,2900,3100,3450,0.9,UPI,2,3800
DN-10334,TIER_1,INDEPENDENT_HOUSE,3250,0,3450,0.4,UPI,3,2850
DN-10335,TIER_1,APARTMENT_FLAT,0,0,2800,0.4,CASH,1,2450
DN-10336,TIER_2,INDEPENDENT_HOUSE,2750,2950,3150,1.0,CASH,1,3500
DN-10337,TIER_2,CLINIC_PROFESSIONAL,1650,1800,2050,1.0,CASH,2,2250
DN-10338,TIER_2,INDEPENDENT_HOUSE,950,1050,1150,1.0,CASH,4,1300
DN-10339,TIER_1,APARTMENT_FLAT,1000,1150,1200,1.0,UPI,4,1250
DN-10340,TIER_2,INDEPENDENT_HOUSE,2350,2500,2700,0.9,UPI,3,3050
DN-10341,TIER_2,APARTMENT_FLAT,5100,5450,6200,1.0,CASH,4,6550
DN-10342,TIER_1,INDEPENDENT_HOUSE,3000,3150,3550,1.0,UPI,4,3950
DN-10343,TIER_3,INDEPENDENT_HOUSE,1450,1550,1650,0.9,CASH,2,1900
DN-10344,TIER_3,INDEPENDENT_HOUSE,850,950,1050,1.0,CASH,2,1200
DN-10345,TIER_2,COMMERCIAL_SHOP,2600,2900,3300,0.9,CASH,4,3650
DN-10346,TIER_1,INDEPENDENT_HOUSE,2350,0,2600,0.4,UPI,2,2250
DN-10347,TIER_2,APARTMENT_FLAT,4000,4450,4700,0.9,CASH,2,5150
DN-10348,TIER_2,APARTMENT_FLAT,3700,4100,4450,1.0,UPI,3,4850
DN-10349,TIER_2,COMMERCIAL_SHOP,1650,1850,2050,1.0,CASH,2,2200
DN-10350,TIER_3,INDEPENDENT_HOUSE,0,0,900,0.7,CASH,2,900
DN-10351,TIER_1,APARTMENT_FLAT,5150,5550,6250,1.0,CASH,4,6600
DN-10352,TIER_3,INDEPENDENT_HOUSE,1000,0,1150,0.9,CASH,2,1200
DN-10353,TIER_2,COMMERCIAL_SHOP,2350,2550,2800,0.7,UPI,2,2900
DN-10354,TIER_1,APARTMENT_FLAT,1550,1650,1750,1.0,UPI,3,1800
DN-10355,TIER_1,APARTMENT_FLAT,3400,3600,4000,1.0,UPI,4,4600
DN-10356,TIER_1,INDEPENDENT_HOUSE,3550,3800,4200,0.7,UPI,2,4200
DN-10357,TIER_2,CLINIC_PROFESSIONAL,1300,1400,1600,1.0,CASH,4,1650
DN-10358,TIER_3,COMMERCIAL_SHOP,1350,1450,1550,0.9,CASH,2,1700
DN-10359,TIER_2,APARTMENT_FLAT,1350,1400,1550,1.0,UPI,1,1700
DN-10360,TIER_1,APARTMENT_FLAT,1350,1450,1600,1.0,CASH,4,1750
DN-10361,TIER_2,INDEPENDENT_HOUSE,900,950,1050,1.0,UPI,2,1100
DN-10362,TIER_2,APARTMENT_FLAT,800,850,0,0.4,CASH,2,750
DN-10363,TIER_1,COMMERCIAL_SHOP,16700,0,18600,0.9,UPI,2,19750
DN-10364,TIER_2,APARTMENT_FLAT,1000,1050,1150,1.0,CASH,2,1250
DN-10365,TIER_2,APARTMENT_FLAT,1050,1100,1150,1.0,UPI,3,1250
DN-10366,TIER_3,APARTMENT_FLAT,700,750,850,1.0,CASH,4,950
DN-10367,TIER_1,APARTMENT_FLAT,1050,1150,1250,1.0,CASH,2,1300
DN-10368,TIER_1,APARTMENT_FLAT,6750,7150,8200,0.4,UPI,2,7050
DN-10369,TIER_3,COMMERCIAL_SHOP,1100,1200,1350,1.0,CASH,1,1500
DN-10370,TIER_2,APARTMENT_FLAT,0,1800,0,0.4,CASH,2,1450
DN-10371,TIER_2,COMMERCIAL_SHOP,2050,2300,2600,0.9,CASH,4,2700
DN-10372,TIER_1,APARTMENT_FLAT,4450,4900,5250,1.0,UPI,2,5600
DN-10373,TIER_2,INDEPENDENT_HOUSE,1450,1550,1700,1.0,CASH,2,1850
DN-10374,TIER_3,APARTMENT_FLAT,700,750,0,0.7,CASH,2,750
DN-10375,TIER_3,INDEPENDENT_HOUSE,850,950,1050,0.9,UPI,3,1150
DN-10376,TIER_2,INDEPENDENT_HOUSE,1500,1550,1750,1.0,UPI,4,1950
DN-10377,TIER_3,INDEPENDENT_HOUSE,850,950,1050,0.7,CASH,3,1050
DN-10378,TIER_2,APARTMENT_FLAT,3200,3600,3950,1.0,UPI,2,4450
DN-10379,TIER_2,APARTMENT_FLAT,1550,1700,0,0.9,CASH,2,1950
DN-10380,TIER_2,COMMERCIAL_SHOP,2450,2750,3100,1.0,CASH,2,3300
DN-10381,TIER_1,INDEPENDENT_HOUSE,6200,7050,7650,1.0,UPI,1,8450
DN-10382,TIER_2,APARTMENT_FLAT,1500,1600,1750,1.0,CASH,2,1850
DN-10383,TIER_3,APARTMENT_FLAT,850,900,1050,1.0,CASH,1,1200
DN-10384,TIER_3,INDEPENDENT_HOUSE,1000,1150,1300,1.0,UPI,3,1350
DN-10385,TIER_2,COMMERCIAL_SHOP,1750,1950,2100,1.0,UPI,3,2250
DN-10386,TIER_3,APARTMENT_FLAT,900,950,1050,1.0,CASH,2,1100
DN-10387,TIER_3,APARTMENT_FLAT,500,550,600,1.0,UPI,3,650
DN-10388,TIER_2,COMMERCIAL_SHOP,3600,4050,4550,1.0,CASH,2,5100
DN-10389,TIER_1,INDEPENDENT_HOUSE,4100,4350,4550,1.0,UPI,2,4950
DN-10390,TIER_2,APARTMENT_FLAT,1150,1300,1350,0.9,UPI,1,1550
DN-10391,TIER_1,INDEPENDENT_HOUSE,9500,10650,11850,1.0,UPI,4,13350
DN-10392,TIER_1,COMMERCIAL_SHOP,4550,4850,5450,1.0,UPI,2,6200
DN-10393,TIER_3,APARTMENT_FLAT,450,500,0,0.7,CASH,2,500
DN-10394,TIER_2,COMMERCIAL_SHOP,2250,2350,2500,1.0,UPI,4,2700
DN-10395,TIER_2,APARTMENT_FLAT,2100,2350,2650,1.0,UPI,4,2950
DN-10396,TIER_2,INDEPENDENT_HOUSE,1250,1350,1500,0.9,UPI,4,1600
DN-10397,TIER_1,COMMERCIAL_SHOP,2200,2300,2600,0.9,CASH,2,2700
DN-10398,TIER_2,APARTMENT_FLAT,1300,1450,1650,1.0,CASH,1,1850
DN-10399,TIER_2,APARTMENT_FLAT,2800,3150,3300,1.0,CASH,2,3450
DN-10400,TIER_3,INDEPENDENT_HOUSE,900,1000,1050,1.0,CASH,2,1200
DN-10401,TIER_1,COMMERCIAL_SHOP,2800,3150,3600,1.0,UPI,3,3800
DN-10402,TIER_3,COMMERCIAL_SHOP,900,950,1050,1.0,UPI,2,1150
DN-10403,TIER_2,INDEPENDENT_HOUSE,650,700,800,0.7,CASH,4,850
DN-10404,TIER_3,CLINIC_PROFESSIONAL,1150,1300,1400,1.0,CASH,1,1500
DN-10405,TIER_3,APARTMENT_FLAT,500,550,650,1.0,UPI,4,700
DN-10406,TIER_2,APARTMENT_FLAT,1100,1250,1350,1.0,UPI,2,1450
DN-10407,TIER_1,APARTMENT_FLAT,2350,2650,2950,1.0,UPI,2,3100
DN-10408,TIER_2,APARTMENT_FLAT,2050,2250,2550,1.0,UPI,2,2750
DN-10409,TIER_1,APARTMENT_FLAT,1850,1950,2100,1.0,CASH,3,2300
DN-10410,TIER_2,APARTMENT_FLAT,1450,1550,1800,1.0,UPI,2,1950
DN-10411,TIER_3,APARTMENT_FLAT,0,1500,1650,0.7,CASH,4,1700
DN-10412,TIER_2,APARTMENT_FLAT,700,750,850,1.0,UPI,2,950
DN-10413,TIER_1,INDEPENDENT_HOUSE,1000,1150,1300,1.0,UPI,2,1450
DN-10414,TIER_2,APARTMENT_FLAT,800,900,1000,1.0,CASH,2,1100
DN-10415,TIER_1,APARTMENT_FLAT,1200,1300,1400,1.0,UPI,2,1600
DN-10416,TIER_2,INDEPENDENT_HOUSE,1550,0,1650,0.9,UPI,2,1800
DN-10417,TIER_2,INDEPENDENT_HOUSE,1750,1900,2050,1.0,UPI,3,2100
DN-10418,TIER_2,APARTMENT_FLAT,1250,1400,1550,1.0,CASH,1,1650
DN-10419,TIER_2,CLINIC_PROFESSIONAL,1050,1150,1300,1.0,UPI,3,1350
DN-10420,TIER_2,INDEPENDENT_HOUSE,1750,1850,1950,0.9,CASH,4,2100
DN-10421,TIER_2,APARTMENT_FLAT,0,0,1850,0.4,UPI,3,1600
DN-10422,TIER_1,COMMERCIAL_SHOP,3000,3400,3600,0.9,CASH,1,4100
DN-10423,TIER_1,APARTMENT_FLAT,1650,1750,2000,1.0,UPI,1,2250
DN-10424,TIER_2,APARTMENT_FLAT,1800,1950,2150,1.0,UPI,2,2400
DN-10425,TIER_2,APARTMENT_FLAT,2950,3250,3550,1.0,CASH,4,3700
DN-10426,TIER_2,INDEPENDENT_HOUSE,2300,2450,2750,1.0,CASH,2,2900
DN-10427,TIER_2,APARTMENT_FLAT,1150,1250,0,0.7,CASH,1,1250
DN-10428,TIER_2,INDEPENDENT_HOUSE,7250,7900,8450,1.0,UPI,2,8850
DN-10429,TIER_2,CLINIC_PROFESSIONAL,2000,2200,2400,1.0,UPI,3,2700
DN-10430,TIER_1,APARTMENT_FLAT,2800,3100,3350,0.9,UPI,2,3700
DN-10431,TIER_1,INDEPENDENT_HOUSE,2750,3100,3450,1.0,UPI,2,3750
DN-10432,TIER_3,APARTMENT_FLAT,700,750,800,0.9,UPI,3,900
DN-10433,TIER_2,APARTMENT_FLAT,1550,1750,1950,1.0,CASH,4,2100
DN-10434,TIER_2,CLINIC_PROFESSIONAL,1100,1200,1350,1.0,CASH,1,1500
DN-10435,TIER_2,INDEPENDENT_HOUSE,0,0,0,0.4,UPI,1,1100
DN-10436,TIER_2,INDEPENDENT_HOUSE,0,2050,2150,0.9,CASH,4,2400
DN-10437,TIER_2,INDEPENDENT_HOUSE,2000,2250,2450,1.0,CASH,2,2550
DN-10438,TIER_2,INDEPENDENT_HOUSE,1850,2050,2350,1.0,CASH,1,2550
DN-10439,TIER_1,APARTMENT_FLAT,1100,1150,1250,1.0,CASH,3,1300
DN-10440,TIER_2,APARTMENT_FLAT,2200,2400,2550,0.9,UPI,4,2750
DN-10441,TIER_2,INDEPENDENT_HOUSE,1150,1250,1450,0.9,CASH,3,1500
DN-10442,TIER_1,APARTMENT_FLAT,3550,3750,4300,1.0,UPI,4,4650
DN-10443,TIER_3,APARTMENT_FLAT,1900,2000,2250,1.0,CASH,2,2450
DN-10444,TIER_2,APARTMENT_FLAT,900,1000,1100,1.0,UPI,2,1250
DN-10445,TIER_2,APARTMENT_FLAT,1350,1550,1750,1.0,CASH,1,1850
DN-10446,TIER_3,APARTMENT_FLAT,550,600,700,1.0,CASH,3,750
DN-10447,TIER_2,COMMERCIAL_SHOP,3200,3500,3800,0.7,CASH,4,3950
DN-10448,TIER_2,APARTMENT_FLAT,1250,1400,1450,1.0,CASH,2,1550
DN-10449,TIER_1,APARTMENT_FLAT,1050,1100,1200,1.0,CASH,2,1300
DN-10450,TIER_2,APARTMENT_FLAT,1300,1400,1500,0.9,UPI,4,1650
DN-10451,TIER_1,APARTMENT_FLAT,2500,2800,3050,1.0,CASH,1,3350
DN-10452,TIER_1,APARTMENT_FLAT,4200,4350,4700,1.0,UPI,4,5100
DN-10453,TIER_2,INDEPENDENT_HOUSE,1850,2100,2250,1.0,CASH,1,2350
DN-10454,TIER_1,APARTMENT_FLAT,1500,1700,1800,1.0,CASH,4,2050
DN-10455,TIER_2,APARTMENT_FLAT,900,1000,1100,1.0,CASH,1,1150
DN-10456,TIER_1,APARTMENT_FLAT,2100,2200,2450,1.0,UPI,2,2600
DN-10457,TIER_2,APARTMENT_FLAT,900,1000,1100,1.0,UPI,2,1200
DN-10458,TIER_3,INDEPENDENT_HOUSE,700,750,800,1.0,CASH,4,900
DN-10459,TIER_3,APARTMENT_FLAT,700,0,750,0.9,UPI,2,800
DN-10460,TIER_1,APARTMENT_FLAT,3950,0,4200,0.4,CASH,2,3500
DN-10461,TIER_1,INDEPENDENT_HOUSE,2800,3100,3300,0.9,CASH,1,3450
DN-10462,TIER_3,INDEPENDENT_HOUSE,1050,1100,1150,1.0,UPI,2,1300
DN-10463,TIER_3,APARTMENT_FLAT,850,950,1050,1.0,UPI,2,1100
DN-10464,TIER_3,INDEPENDENT_HOUSE,0,0,1200,0.9,CASH,1,1350
DN-10465,TIER_1,APARTMENT_FLAT,2150,2450,2600,1.0,UPI,2,2900
DN-10466,TIER_2,INDEPENDENT_HOUSE,1650,1800,1950,1.0,CASH,3,2050
DN-10467,TIER_3,APARTMENT_FLAT,950,1050,1100,1.0,CASH,2,1250
DN-10468,TIER_1,CLINIC_PROFESSIONAL,2750,0,3100,0.4,UPI,3,2600
DN-10469,TIER_2,APARTMENT_FLAT,0,0,2750,0.4,UPI,2,2350
DN-10470,TIER_2,INDEPENDENT_HOUSE,2400,2650,2950,1.0,UPI,4,3100
DN-10471,TIER_2,APARTMENT_FLAT,1550,1650,1800,1.0,CASH,1,1950
DN-10472,TIER_2,APARTMENT_FLAT,1050,1150,1200,1.0,CASH,3,1250
DN-10473,TIER_2,APARTMENT_FLAT,2150,2300,2650,1.0,CASH,2,3050
DN-10474,TIER_1,APARTMENT_FLAT,3400,3650,4200,0.9,UPI,2,4350
DN-10475,TIER_1,APARTMENT_FLAT,2950,3150,3400,1.0,UPI,4,3850
DN-10476,TIER_2,APARTMENT_FLAT,2400,2500,2800,1.0,UPI,2,3050
DN-10477,TIER_1,INDEPENDENT_HOUSE,3500,0,3950,0.4,UPI,2,3300
DN-10478,TIER_3,APARTMENT_FLAT,800,850,950,1.0,UPI,2,1050
DN-10479,TIER_2,INDEPENDENT_HOUSE,3950,4300,4750,0.9,CASH,2,5200
DN-10480,TIER_2,INDEPENDENT_HOUSE,4000,4450,4900,1.0,CASH,2,5250
DN-10481,TIER_1,APARTMENT_FLAT,1950,2200,2500,0.9,UPI,2,2650
DN-10482,TIER_1,APARTMENT_FLAT,2100,2300,2550,1.0,UPI,2,2700
DN-10483,TIER_1,APARTMENT_FLAT,2750,3050,3200,1.0,CASH,1,3400
DN-10484,TIER_3,APARTMENT_FLAT,500,550,650,1.0,CASH,4,750
DN-10485,TIER_1,COMMERCIAL_SHOP,7300,8000,9000,1.0,UPI,2,9750
DN-10486,TIER_1,INDEPENDENT_HOUSE,3000,3150,3450,0.7,UPI,2,3450
DN-10487,TIER_2,APARTMENT_FLAT,2450,2750,3150,0.9,CASH,4,3350
DN-10488,TIER_2,APARTMENT_FLAT,1000,1050,0,0.9,CASH,2,1100
DN-10489,TIER_1,COMMERCIAL_SHOP,1600,1750,1900,1.0,UPI,3,2150
DN-10490,TIER_2,APARTMENT_FLAT,0,0,2450,0.7,UPI,4,2500
DN-10491,TIER_2,APARTMENT_FLAT,800,900,1000,1.0,CASH,2,1050
DN-10492,TIER_1,APARTMENT_FLAT,2500,2700,2850,1.0,UPI,2,3150
DN-10493,TIER_2,INDEPENDENT_HOUSE,1100,1250,1450,1.0,CASH,1,1600
DN-10494,TIER_3,INDEPENDENT_HOUSE,900,950,1000,1.0,CASH,3,1150
DN-10495,TIER_3,APARTMENT_FLAT,650,700,750,1.0,CASH,2,800
DN-10496,TIER_2,INDEPENDENT_HOUSE,2550,2700,3000,1.0,UPI,2,3250
DN-10497,TIER_3,APARTMENT_FLAT,1550,1600,1700,1.0,CASH,4,1850
DN-10498,TIER_3,CLINIC_PROFESSIONAL,650,700,800,1.0,CASH,4,850
DN-10499,TIER_2,APARTMENT_FLAT,950,1000,1150,1.0,CASH,2,1250
DN-10500,TIER_3,INDEPENDENT_HOUSE,1550,1650,0,0.9,CASH,3,1850
DN-10501,TIER_1,INDEPENDENT_HOUSE,1950,2100,2400,1.0,UPI,4,2600
DN-10502,TIER_2,APARTMENT_FLAT,2550,2700,2900,1.0,CASH,1,3200
DN-10503,TIER_2,APARTMENT_FLAT,700,800,900,1.0,CASH,1,1000
DN-10504,TIER_3,INDEPENDENT_HOUSE,2350,2450,0,0.9,CASH,4,2600
DN-10505,TIER_1,COMMERCIAL_SHOP,6700,7350,7800,0.9,UPI,3,8300
DN-10506,TIER_1,COMMERCIAL_SHOP,6450,7000,7900,1.0,UPI,2,8750
DN-10507,TIER_2,INDEPENDENT_HOUSE,3700,3950,4200,1.0,UPI,2,4500
DN-10508,TIER_2,APARTMENT_FLAT,2200,2400,2650,1.0,UPI,3,2850
DN-10509,TIER_1,CLINIC_PROFESSIONAL,3750,4100,4700,0.9,UPI,3,5150
DN-10510,TIER_1,APARTMENT_FLAT,1750,1950,2100,1.0,UPI,2,2200
DN-10511,TIER_1,APARTMENT_FLAT,2200,2500,2700,0.9,UPI,2,3100
DN-10512,TIER_3,INDEPENDENT_HOUSE,950,1050,1150,1.0,CASH,2,1300
DN-10513,TIER_2,CLINIC_PROFESSIONAL,1950,2050,2300,0.9,UPI,3,2400
DN-10514,TIER_2,APARTMENT_FLAT,750,800,850,0.9,UPI,3,950
DN-10515,TIER_2,COMMERCIAL_SHOP,3250,3400,3800,1.0,CASH,4,4300
DN-10516,TIER_2,APARTMENT_FLAT,1300,1450,1650,1.0,CASH,1,1750
DN-10517,TIER_1,APARTMENT_FLAT,4050,4400,4700,0.7,CASH,4,4750
DN-10518,TIER_1,COMMERCIAL_SHOP,2750,3050,0,0.9,CASH,3,3400
DN-10519,TIER_2,COMMERCIAL_SHOP,4400,4650,5150,1.0,UPI,3,5550
DN-10520,TIER_1,INDEPENDENT_HOUSE,3250,0,0,0.7,UPI,3,3150
DN-10521,TIER_1,INDEPENDENT_HOUSE,3650,4100,4550,1.0,CASH,4,5150
DN-10522,TIER_2,APARTMENT_FLAT,2000,2200,2500,1.0,CASH,1,2600
DN-10523,TIER_3,COMMERCIAL_SHOP,1050,1150,1300,1.0,CASH,3,1450
DN-10524,TIER_3,APARTMENT_FLAT,1650,1850,2050,1.0,UPI,4,2300
DN-10525,TIER_2,INDEPENDENT_HOUSE,1950,2200,2400,0.9,UPI,1,2500
DN-10526,TIER_2,APARTMENT_FLAT,2050,2150,2300,1.0,CASH,4,2650
DN-10527,TIER_3,APARTMENT_FLAT,0,0,0,0.7,CASH,4,1000
DN-10528,TIER_2,INDEPENDENT_HOUSE,1150,1250,0,0.7,CASH,1,1300
DN-10529,TIER_1,APARTMENT_FLAT,3150,0,3350,0.9,UPI,2,3650
DN-10530,TIER_1,COMMERCIAL_SHOP,2900,3250,3500,0.9,UPI,1,3650
DN-10531,TIER_2,APARTMENT_FLAT,1250,1350,1550,1.0,CASH,2,1650
DN-10532,TIER_1,APARTMENT_FLAT,1950,2150,2350,0.9,UPI,3,2600
DN-10533,TIER_1,INDEPENDENT_HOUSE,1650,1800,2000,0.7,UPI,3,2000
DN-10534,TIER_2,CLINIC_PROFESSIONAL,1300,1400,1600,0.9,CASH,3,1800
DN-10535,TIER_2,APARTMENT_FLAT,550,600,650,0.7,UPI,2,650
DN-10536,TIER_1,APARTMENT_FLAT,2250,2400,2550,1.0,CASH,1,2800
DN-10537,TIER_3,APARTMENT_FLAT,900,1000,1100,1.0,CASH,3,1200
DN-10538,TIER_2,INDEPENDENT_HOUSE,1850,2000,2250,1.0,UPI,1,2400
DN-10539,TIER_3,APARTMENT_FLAT,650,700,750,1.0,CASH,4,800
DN-10540,TIER_2,APARTMENT_FLAT,1450,1550,1750,0.9,CASH,2,1900
DN-10541,TIER_2,INDEPENDENT_HOUSE,1900,2150,2300,0.7,UPI,2,2250
DN-10542,TIER_1,INDEPENDENT_HOUSE,0,3950,4450,0.4,UPI,2,3650
DN-10543,TIER_2,APARTMENT_FLAT,1000,1100,1200,1.0,CASH,1,1250
DN-10544,TIER_1,APARTMENT_FLAT,2350,2600,2950,1.0,CASH,3,3250
DN-10545,TIER_1,APARTMENT_FLAT,2400,2700,2950,1.0,CASH,3,3050
DN-10546,TIER_3,APARTMENT_FLAT,600,650,750,1.0,UPI,2,850
DN-10547,TIER_1,APARTMENT_FLAT,1850,1950,2100,1.0,UPI,2,2300
DN-10548,TIER_3,COMMERCIAL_SHOP,600,650,0,0.9,CASH,1,700
DN-10549,TIER_2,INDEPENDENT_HOUSE,750,800,850,1.0,CASH,3,950
DN-10550,TIER_2,APARTMENT_FLAT,2100,2200,2500,1.0,UPI,1,2650
DN-10551,TIER_2,APARTMENT_FLAT,700,800,900,0.9,CASH,4,1000
DN-10552,TIER_1,INDEPENDENT_HOUSE,3900,4300,4800,0.7,UPI,2,4700
DN-10553,TIER_2,INDEPENDENT_HOUSE,0,0,0,0.7,UPI,1,1400
DN-10554,TIER_3,APARTMENT_FLAT,600,700,800,1.0,CASH,4,850
DN-10555,TIER_2,APARTMENT_FLAT,1250,1350,1400,0.9,UPI,4,1450
DN-10556,TIER_3,CLINIC_PROFESSIONAL,0,1450,1600,0.4,UPI,1,1350
DN-10557,TIER_2,APARTMENT_FLAT,2600,2800,3050,1.0,CASH,4,3400
DN-10558,TIER_2,INDEPENDENT_HOUSE,0,1850,0,0.4,CASH,1,1600
DN-10559,TIER_1,APARTMENT_FLAT,2600,2800,3150,1.0,UPI,4,3450
DN-10560,TIER_1,APARTMENT_FLAT,3350,3650,3900,1.0,UPI,1,4300
DN-10561,TIER_2,COMMERCIAL_SHOP,1050,1150,1250,0.7,UPI,2,1200
DN-10562,TIER_1,APARTMENT_FLAT,5200,5550,6050,1.0,UPI,2,6650
DN-10563,TIER_1,APARTMENT_FLAT,1950,2050,0,0.9,CASH,3,2250
DN-10564,TIER_2,APARTMENT_FLAT,500,550,600,1.0,UPI,2,650
DN-10565,TIER_2,INDEPENDENT_HOUSE,1200,1300,1450,1.0,UPI,2,1500
DN-10566,TIER_1,INDEPENDENT_HOUSE,2700,2850,3250,1.0,CASH,2,3550
DN-10567,TIER_1,INDEPENDENT_HOUSE,4550,5050,5450,1.0,UPI,2,5900
DN-10568,TIER_3,APARTMENT_FLAT,0,0,2700,0.4,CASH,3,2200
DN-10569,TIER_2,APARTMENT_FLAT,1000,1100,1200,1.0,UPI,2,1250
DN-10570,TIER_3,COMMERCIAL_SHOP,3300,3450,3900,1.0,CASH,3,4250
DN-10571,TIER_1,APARTMENT_FLAT,2150,2350,2650,1.0,UPI,2,2800
DN-10572,TIER_2,INDEPENDENT_HOUSE,2250,2350,2550,1.0,CASH,4,2650
DN-10573,TIER_2,APARTMENT_FLAT,2400,2600,2800,1.0,CASH,4,2900
DN-10574,TIER_2,APARTMENT_FLAT,1600,1700,1850,1.0,CASH,4,1950
DN-10575,TIER_3,CLINIC_PROFESSIONAL,450,500,550,0.9,CASH,1,600
DN-10576,TIER_2,APARTMENT_FLAT,1550,1700,1900,1.0,CASH,2,2150
DN-10577,TIER_3,APARTMENT_FLAT,600,0,650,0.7,CASH,3,700
DN-10578,TIER_3,COMMERCIAL_SHOP,1100,1200,1350,0.9,CASH,2,1550
DN-10579,TIER_2,APARTMENT_FLAT,2050,2350,2550,0.7,CASH,2,2700
DN-10580,TIER_1,INDEPENDENT_HOUSE,2700,3050,3250,0.9,CASH,4,3400
DN-10581,TIER_1,APARTMENT_FLAT,2500,2700,0,0.7,UPI,2,2850
DN-10582,TIER_1,INDEPENDENT_HOUSE,1850,2000,2150,1.0,UPI,1,2250
DN-10583,TIER_3,APARTMENT_FLAT,1050,1150,1200,1.0,CASH,2,1300
DN-10584,TIER_2,COMMERCIAL_SHOP,3250,3600,3800,1.0,CASH,2,4300
DN-10585,TIER_1,APARTMENT_FLAT,1700,1800,2050,1.0,UPI,1,2350
DN-10586,TIER_2,APARTMENT_FLAT,1400,1550,1700,1.0,UPI,2,1850
DN-10587,TIER_2,INDEPENDENT_HOUSE,1200,1300,1450,1.0,UPI,2,1650
DN-10588,TIER_2,INDEPENDENT_HOUSE,2800,2950,3100,1.0,UPI,2,3350
DN-10589,TIER_1,INDEPENDENT_HOUSE,6950,7800,8750,0.9,CASH,1,9350
DN-10590,TIER_2,INDEPENDENT_HOUSE,1450,1500,1700,1.0,CASH,1,1950
DN-10591,TIER_2,COMMERCIAL_SHOP,3000,3200,3400,1.0,UPI,3,3700
DN-10592,TIER_1,INDEPENDENT_HOUSE,2650,2750,3050,1.0,UPI,2,3200
DN-10593,TIER_2,APARTMENT_FLAT,1850,2100,2250,1.0,UPI,3,2400
DN-10594,TIER_2,CLINIC_PROFESSIONAL,1800,1950,2150,1.0,CASH,2,2400
DN-10595,TIER_2,APARTMENT_FLAT,1050,1100,1200,1.0,UPI,3,1250
DN-10596,TIER_1,INDEPENDENT_HOUSE,3650,0,3950,0.7,UPI,4,4150
DN-10597,TIER_2,APARTMENT_FLAT,1500,1600,1700,0.9,CASH,2,1900
DN-10598,TIER_2,APARTMENT_FLAT,1050,1150,1250,1.0,UPI,2,1400
DN-10599,TIER_1,INDEPENDENT_HOUSE,5200,5500,5950,0.9,UPI,2,6550
DN-10600,TIER_3,APARTMENT_FLAT,1100,1200,1350,1.0,CASH,1,1450
DN-10601,TIER_2,COMMERCIAL_SHOP,2300,2500,2700,1.0,CASH,3,2850
DN-10602,TIER_1,COMMERCIAL_SHOP,9950,10750,11700,0.9,UPI,1,13350
DN-10603,TIER_2,INDEPENDENT_HOUSE,2000,2150,2450,0.7,CASH,2,2500
DN-10604,TIER_2,APARTMENT_FLAT,2950,3250,3600,1.0,UPI,2,3900
DN-10605,TIER_1,APARTMENT_FLAT,0,2000,0,0.4,CASH,1,1700
DN-10606,TIER_2,INDEPENDENT_HOUSE,1000,1100,1200,1.0,CASH,4,1250
DN-10607,TIER_2,APARTMENT_FLAT,2300,2450,2750,1.0,UPI,3,2850
DN-10608,TIER_2,APARTMENT_FLAT,1300,1500,1700,1.0,UPI,2,1750
DN-10609,TIER_3,INDEPENDENT_HOUSE,0,0,0,0.4,UPI,1,700
DN-10610,TIER_1,APARTMENT_FLAT,2300,2400,2500,1.0,UPI,1,2850
DN-10611,TIER_1,APARTMENT_FLAT,3900,4250,4700,1.0,UPI,2,5200
DN-10612,TIER_3,COMMERCIAL_SHOP,2400,2500,2800,1.0,CASH,4,2950
DN-10613,TIER_1,APARTMENT_FLAT,0,2150,0,0.4,CASH,1,1850
DN-10614,TIER_3,CLINIC_PROFESSIONAL,1250,1350,1450,1.0,CASH,3,1550
DN-10615,TIER_3,COMMERCIAL_SHOP,0,1350,1500,0.7,CASH,2,1550
DN-10616,TIER_2,INDEPENDENT_HOUSE,0,0,0,0.4,CASH,2,3550
DN-10617,TIER_2,APARTMENT_FLAT,500,550,600,1.0,UPI,3,650
DN-10618,TIER_3,APARTMENT_FLAT,500,550,650,1.0,UPI,3,700
DN-10619,TIER_2,APARTMENT_FLAT,0,650,700,0.4,UPI,2,600
DN-10620,TIER_2,INDEPENDENT_HOUSE,0,1150,0,0.4,CASH,2,950
DN-10621,TIER_2,COMMERCIAL_SHOP,4850,5050,5450,1.0,CASH,3,5750
DN-10622,TIER_1,INDEPENDENT_HOUSE,3050,3400,3850,0.9,UPI,2,4250
DN-10623,TIER_2,APARTMENT_FLAT,550,600,700,1.0,CASH,2,800
DN-10624,TIER_3,APARTMENT_FLAT,550,600,650,0.7,CASH,2,700
DN-10625,TIER_2,INDEPENDENT_HOUSE,3900,0,4400,0.7,CASH,2,4450
DN-10626,TIER_2,APARTMENT_FLAT,500,550,600,1.0,CASH,3,650
DN-10627,TIER_2,INDEPENDENT_HOUSE,2150,2250,2450,1.0,UPI,3,2600
DN-10628,TIER_1,INDEPENDENT_HOUSE,2500,2850,3000,1.0,UPI,3,3350
DN-10629,TIER_1,APARTMENT_FLAT,2750,3050,3200,1.0,UPI,2,3500
DN-10630,TIER_2,INDEPENDENT_HOUSE,0,1450,1650,0.4,CASH,1,1400
DN-10631,TIER_2,COMMERCIAL_SHOP,1750,1900,2100,0.9,CASH,1,2350
DN-10632,TIER_1,APARTMENT_FLAT,2800,2950,3350,0.9,UPI,4,3850
DN-10633,TIER_1,CLINIC_PROFESSIONAL,6200,6500,7400,1.0,UPI,2,8100
DN-10634,TIER_2,APARTMENT_FLAT,450,500,550,1.0,UPI,2,600
DN-10635,TIER_2,INDEPENDENT_HOUSE,1650,1750,2000,1.0,UPI,2,2100
DN-10636,TIER_2,COMMERCIAL_SHOP,3100,3450,3850,1.0,CASH,2,4350
DN-10637,TIER_3,APARTMENT_FLAT,900,950,1000,1.0,CASH,2,1050
DN-10638,TIER_1,APARTMENT_FLAT,2500,0,2750,0.4,CASH,1,2400
DN-10639,TIER_2,APARTMENT_FLAT,1800,0,2050,0.7,UPI,4,2050
DN-10640,TIER_2,COMMERCIAL_SHOP,1600,1700,1850,1.0,CASH,2,2000
DN-10641,TIER_2,APARTMENT_FLAT,1950,2100,2300,1.0,CASH,1,2450
DN-10642,TIER_3,APARTMENT_FLAT,750,800,900,1.0,CASH,3,1050
DN-10643,TIER_2,COMMERCIAL_SHOP,3100,3400,3550,1.0,UPI,1,4000
DN-10644,TIER_2,APARTMENT_FLAT,0,1700,1900,0.9,CASH,4,2100
DN-10645,TIER_3,INDEPENDENT_HOUSE,700,750,850,1.0,CASH,1,950
DN-10646,TIER_1,APARTMENT_FLAT,2600,2950,3350,1.0,CASH,1,3800
DN-10647,TIER_2,APARTMENT_FLAT,1300,1400,1500,1.0,CASH,2,1650
DN-10648,TIER_2,COMMERCIAL_SHOP,5250,5950,6400,1.0,CASH,2,6950
DN-10649,TIER_2,APARTMENT_FLAT,1400,1450,1650,1.0,CASH,3,1750
DN-10650,TIER_3,CLINIC_PROFESSIONAL,1550,1750,1950,1.0,CASH,1,2050
DN-10651,TIER_2,INDEPENDENT_HOUSE,2850,3200,3550,1.0,UPI,2,3850
DN-10652,TIER_2,APARTMENT_FLAT,1500,1700,1900,1.0,UPI,1,2100
DN-10653,TIER_2,APARTMENT_FLAT,1900,2000,2100,1.0,CASH,4,2250
DN-10654,TIER_1,COMMERCIAL_SHOP,0,3150,3450,0.9,UPI,2,3600
DN-10655,TIER_1,APARTMENT_FLAT,3150,3300,3550,1.0,UPI,1,4050
DN-10656,TIER_2,INDEPENDENT_HOUSE,1350,1400,1600,1.0,CASH,2,1750
DN-10657,TIER_2,INDEPENDENT_HOUSE,1800,1900,2150,1.0,CASH,1,2400
DN-10658,TIER_1,APARTMENT_FLAT,1650,1750,0,0.4,UPI,4,1550
DN-10659,TIER_3,COMMERCIAL_SHOP,2650,2850,3150,1.0,UPI,2,3450
DN-10660,TIER_1,CLINIC_PROFESSIONAL,10900,11900,13000,1.0,UPI,3,14250
DN-10661,TIER_2,INDEPENDENT_HOUSE,2850,3200,3500,1.0,CASH,2,3750
DN-10662,TIER_1,INDEPENDENT_HOUSE,4150,4450,5050,1.0,UPI,2,5750
DN-10663,TIER_2,INDEPENDENT_HOUSE,2350,2600,2900,1.0,UPI,2,3200
DN-10664,TIER_3,APARTMENT_FLAT,1100,1200,1350,0.9,CASH,2,1500
DN-10665,TIER_3,APARTMENT_FLAT,750,800,900,1.0,UPI,3,950
DN-10666,TIER_2,COMMERCIAL_SHOP,2950,3300,3450,1.0,UPI,3,3650
DN-10667,TIER_2,INDEPENDENT_HOUSE,2250,2450,2600,1.0,CASH,3,2700
DN-10668,TIER_1,COMMERCIAL_SHOP,4000,4400,5050,1.0,CASH,2,5650
DN-10669,TIER_3,INDEPENDENT_HOUSE,600,650,700,1.0,CASH,1,750
DN-10670,TIER_3,INDEPENDENT_HOUSE,950,1050,1150,0.9,UPI,3,1300
DN-10671,TIER_2,APARTMENT_FLAT,2650,3000,3150,0.7,UPI,1,3150
DN-10672,TIER_3,APARTMENT_FLAT,900,950,1050,1.0,UPI,2,1200
DN-10673,TIER_3,COMMERCIAL_SHOP,1950,0,2200,0.9,CASH,3,2450
DN-10674,TIER_3,INDEPENDENT_HOUSE,500,550,600,1.0,CASH,2,650
DN-10675,TIER_3,APARTMENT_FLAT,1050,1150,1250,1.0,CASH,2,1350
DN-10676,TIER_2,INDEPENDENT_HOUSE,8900,9300,10550,1.0,CASH,2,11250
DN-10677,TIER_3,APARTMENT_FLAT,750,850,950,0.7,UPI,3,1000
DN-10678,TIER_2,APARTMENT_FLAT,1150,1200,1350,0.9,CASH,2,1400
DN-10679,TIER_2,APARTMENT_FLAT,1200,1350,1450,1.0,CASH,4,1600
DN-10680,TIER_1,APARTMENT_FLAT,900,950,1100,1.0,UPI,3,1150
DN-10681,TIER_3,INDEPENDENT_HOUSE,1600,1800,2050,1.0,CASH,3,2200
DN-10682,TIER_3,INDEPENDENT_HOUSE,1150,1300,1400,1.0,CASH,2,1550
DN-10683,TIER_1,INDEPENDENT_HOUSE,1600,1650,0,0.7,UPI,1,1600
DN-10684,TIER_3,INDEPENDENT_HOUSE,850,950,1000,1.0,CASH,2,1050
DN-10685,TIER_1,APARTMENT_FLAT,2850,3150,3500,1.0,CASH,2,3700
DN-10686,TIER_2,INDEPENDENT_HOUSE,3550,3950,4300,0.9,CASH,3,4850
DN-10687,TIER_1,CLINIC_PROFESSIONAL,3200,3350,3750,1.0,UPI,1,4250
DN-10688,TIER_2,APARTMENT_FLAT,1650,1850,2100,1.0,CASH,2,2300
DN-10689,TIER_3,CLINIC_PROFESSIONAL,1500,1650,1800,1.0,CASH,1,1950
DN-10690,TIER_2,APARTMENT_FLAT,1350,1450,1500,0.9,CASH,3,1600
DN-10691,TIER_3,INDEPENDENT_HOUSE,2500,2750,0,0.7,UPI,1,2700
DN-10692,TIER_3,COMMERCIAL_SHOP,1500,1650,1800,1.0,UPI,3,1900
DN-10693,TIER_1,INDEPENDENT_HOUSE,2500,2800,3200,1.0,UPI,1,3400
DN-10694,TIER_3,APARTMENT_FLAT,700,800,900,1.0,CASH,1,1000
DN-10695,TIER_3,APARTMENT_FLAT,1350,0,0,0.4,CASH,3,1200
DN-10696,TIER_2,APARTMENT_FLAT,1250,1400,1600,0.9,CASH,2,1800
DN-10697,TIER_1,COMMERCIAL_SHOP,4150,0,4450,0.7,CASH,2,4750
DN-10698,TIER_2,APARTMENT_FLAT,1350,1500,1600,0.9,UPI,1,1800
DN-10699,TIER_2,APARTMENT_FLAT,1450,1600,1750,1.0,UPI,3,1950
DN-10700,TIER_2,APARTMENT_FLAT,1800,1950,2200,1.0,UPI,4,2350
DN-10701,TIER_3,COMMERCIAL_SHOP,1700,1750,1850,1.0,CASH,3,2050
DN-10702,TIER_2,COMMERCIAL_SHOP,1650,1850,2000,1.0,CASH,3,2250
DN-10703,TIER_1,APARTMENT_FLAT,1200,1350,1450,1.0,UPI,3,1650
DN-10704,TIER_1,INDEPENDENT_HOUSE,3850,4200,4650,1.0,UPI,3,5150
DN-10705,TIER_3,COMMERCIAL_SHOP,600,650,700,1.0,CASH,4,800
DN-10706,TIER_1,APARTMENT_FLAT,0,1500,1600,0.7,UPI,2,1700
DN-10707,TIER_1,APARTMENT_FLAT,3750,0,4100,0.7,UPI,2,4100
DN-10708,TIER_2,INDEPENDENT_HOUSE,2550,2650,2800,0.9,UPI,1,3200
DN-10709,TIER_1,COMMERCIAL_SHOP,8850,9250,10550,1.0,UPI,1,11050
DN-10710,TIER_2,APARTMENT_FLAT,1200,1250,1450,1.0,CASH,1,1650
DN-10711,TIER_3,CLINIC_PROFESSIONAL,900,1000,1050,1.0,UPI,4,1100
DN-10712,TIER_2,INDEPENDENT_HOUSE,950,1000,1050,1.0,UPI,2,1150
DN-10713,TIER_2,COMMERCIAL_SHOP,5600,5950,6650,1.0,CHEQUE,4,7450
DN-10714,TIER_1,APARTMENT_FLAT,4100,0,4550,0.7,UPI,2,4650
DN-10715,TIER_3,COMMERCIAL_SHOP,1250,1350,1550,1.0,CASH,1,1650
DN-10716,TIER_1,APARTMENT_FLAT,2550,2700,2850,1.0,UPI,2,3100
DN-10717,TIER_3,APARTMENT_FLAT,500,550,650,1.0,CASH,3,750
DN-10718,TIER_2,APARTMENT_FLAT,1450,1550,1700,1.0,CASH,1,1750
DN-10719,TIER_2,COMMERCIAL_SHOP,0,2250,0,0.4,CASH,1,1800
DN-10720,TIER_1,INDEPENDENT_HOUSE,3950,4250,4650,1.0,CASH,1,5250
DN-10721,TIER_3,COMMERCIAL_SHOP,700,800,900,1.0,UPI,2,950
DN-10722,TIER_3,APARTMENT_FLAT,1350,1450,1600,1.0,CASH,2,1800
DN-10723,TIER_2,INDEPENDENT_HOUSE,2000,2250,2500,1.0,CASH,3,2700
DN-10724,TIER_3,APARTMENT_FLAT,650,750,850,1.0,UPI,3,900
DN-10725,TIER_1,INDEPENDENT_HOUSE,2200,2350,2600,1.0,CASH,3,2800
DN-10726,TIER_2,COMMERCIAL_SHOP,3000,3200,3400,0.7,UPI,4,3550
DN-10727,TIER_2,INDEPENDENT_HOUSE,0,2650,2800,0.7,CASH,4,2800
DN-10728,TIER_1,APARTMENT_FLAT,3100,3450,3750,1.0,UPI,4,4050
DN-10729,TIER_1,APARTMENT_FLAT,3300,3450,3950,1.0,UPI,4,4200
DN-10730,TIER_1,INDEPENDENT_HOUSE,2000,2150,2450,1.0,UPI,4,2600
DN-10731,TIER_1,INDEPENDENT_HOUSE,2000,2250,2400,1.0,CASH,3,2550
DN-10732,TIER_1,INDEPENDENT_HOUSE,1950,2200,2500,1.0,UPI,2,2700
DN-10733,TIER_2,INDEPENDENT_HOUSE,1950,2150,2400,1.0,UPI,2,2700
DN-10734,TIER_2,APARTMENT_FLAT,1800,2000,2250,1.0,CASH,1,2500
DN-10735,TIER_1,APARTMENT_FLAT,2300,2600,2750,1.0,UPI,3,3050
DN-10736,TIER_2,APARTMENT_FLAT,2250,2550,2900,1.0,CASH,2,3200
DN-10737,TIER_2,APARTMENT_FLAT,3700,0,4100,0.4,UPI,2,3450
DN-10738,TIER_1,CLINIC_PROFESSIONAL,1950,2150,2300,1.0,CASH,2,2400
DN-10739,TIER_3,INDEPENDENT_HOUSE,1000,1050,1200,1.0,CASH,4,1350
DN-10740,TIER_1,INDEPENDENT_HOUSE,2400,2600,2950,1.0,UPI,1,3200
DN-10741,TIER_3,COMMERCIAL_SHOP,4700,5250,5900,1.0,UPI,2,6400
DN-10742,TIER_1,INDEPENDENT_HOUSE,1950,2050,2200,1.0,CASH,3,2400
DN-10743,TIER_2,CLINIC_PROFESSIONAL,1500,1550,1750,1.0,CASH,4,1900
DN-10744,TIER_2,APARTMENT_FLAT,1050,1200,1250,1.0,UPI,1,1400
DN-10745,TIER_1,INDEPENDENT_HOUSE,6400,7150,8050,1.0,UPI,2,8500
DN-10746,TIER_2,CLINIC_PROFESSIONAL,4100,4650,5150,1.0,UPI,2,5350
DN-10747,TIER_2,INDEPENDENT_HOUSE,3950,4300,4550,1.0,UPI,2,5200
DN-10748,TIER_3,APARTMENT_FLAT,1000,1050,0,0.7,CASH,4,1100
DN-10749,TIER_1,APARTMENT_FLAT,1300,1400,1600,1.0,UPI,2,1800
DN-10750,TIER_1,APARTMENT_FLAT,2400,2500,2850,1.0,UPI,2,3200
DN-10751,TIER_1,INDEPENDENT_HOUSE,2950,3200,3400,1.0,UPI,4,3750
DN-10752,TIER_1,APARTMENT_FLAT,2500,0,2700,0.9,UPI,4,3000
DN-10753,TIER_2,APARTMENT_FLAT,1050,1150,1300,0.9,UPI,2,1350
DN-10754,TIER_1,APARTMENT_FLAT,1250,1400,1600,1.0,CASH,1,1850
DN-10755,TIER_1,INDEPENDENT_HOUSE,3150,3450,3700,1.0,UPI,2,4000
DN-10756,TIER_3,APARTMENT_FLAT,800,900,950,1.0,CASH,2,1050
DN-10757,TIER_1,INDEPENDENT_HOUSE,4500,4850,5550,1.0,CASH,2,5850
DN-10758,TIER_2,APARTMENT_FLAT,900,950,1000,1.0,CASH,2,1050
DN-10759,TIER_1,APARTMENT_FLAT,3750,4050,4600,1.0,UPI,4,4900
DN-10760,TIER_2,COMMERCIAL_SHOP,4200,4550,4900,1.0,UPI,2,5250
DN-10761,TIER_1,COMMERCIAL_SHOP,3550,3950,4150,1.0,UPI,4,4650
DN-10762,TIER_3,APARTMENT_FLAT,0,0,0,0.4,UPI,2,700
DN-10763,TIER_1,INDEPENDENT_HOUSE,2950,3150,3600,1.0,UPI,2,3750
DN-10764,TIER_2,COMMERCIAL_SHOP,1950,2100,2250,1.0,UPI,2,2550
DN-10765,TIER_2,APARTMENT_FLAT,650,700,0,0.7,CASH,1,700
DN-10766,TIER_3,INDEPENDENT_HOUSE,1150,1300,1400,1.0,CASH,1,1550
DN-10767,TIER_1,APARTMENT_FLAT,2450,2600,2950,1.0,CASH,4,3250
DN-10768,TIER_3,APARTMENT_FLAT,700,750,850,1.0,CASH,1,950
DN-10769,TIER_2,COMMERCIAL_SHOP,2450,2650,2900,1.0,UPI,3,3100
DN-10770,TIER_1,CLINIC_PROFESSIONAL,7900,8400,9350,1.0,UPI,1,10350
DN-10771,TIER_2,APARTMENT_FLAT,2150,2450,2700,1.0,CASH,3,3050
DN-10772,TIER_3,APARTMENT_FLAT,1650,0,1900,0.9,CASH,4,2100
DN-10773,TIER_1,CLINIC_PROFESSIONAL,2450,2600,2800,1.0,CASH,4,3000
DN-10774,TIER_2,APARTMENT_FLAT,950,1050,1150,0.9,UPI,3,1250
DN-10775,TIER_1,INDEPENDENT_HOUSE,5350,5850,6650,1.0,UPI,3,7600
DN-10776,TIER_1,APARTMENT_FLAT,1900,2000,2100,1.0,CASH,1,2300
DN-10777,TIER_2,INDEPENDENT_HOUSE,0,0,5600,0.4,CASH,2,4550
DN-10778,TIER_1,INDEPENDENT_HOUSE,1900,2050,2350,1.0,UPI,2,2500
DN-10779,TIER_1,APARTMENT_FLAT,3150,3350,3850,0.9,CASH,2,4250
DN-10780,TIER_2,APARTMENT_FLAT,850,950,1100,1.0,UPI,2,1150
DN-10781,TIER_2,CLINIC_PROFESSIONAL,2100,2350,2600,1.0,CASH,2,2800
DN-10782,TIER_3,INDEPENDENT_HOUSE,1050,1100,1250,0.9,CASH,4,1350
DN-10783,TIER_1,APARTMENT_FLAT,3500,3950,4500,1.0,UPI,4,5100
DN-10784,TIER_2,APARTMENT_FLAT,1600,1750,1850,1.0,UPI,2,2000
DN-10785,TIER_1,INDEPENDENT_HOUSE,2250,2350,2650,1.0,CASH,3,3000
DN-10786,TIER_3,APARTMENT_FLAT,500,550,650,0.9,UPI,2,750
DN-10787,TIER_3,COMMERCIAL_SHOP,1850,2050,2300,1.0,CASH,2,2500
DN-10788,TIER_3,APARTMENT_FLAT,500,550,600,1.0,CASH,4,700
DN-10789,TIER_2,COMMERCIAL_SHOP,4250,4450,5050,1.0,CASH,4,5400
DN-10790,TIER_1,APARTMENT_FLAT,2650,2800,2950,1.0,UPI,1,3150
DN-10791,TIER_1,COMMERCIAL_SHOP,6200,0,7000,0.9,UPI,1,7900
DN-10792,TIER_2,INDEPENDENT_HOUSE,3000,3350,3550,1.0,CASH,2,3700
DN-10793,TIER_3,APARTMENT_FLAT,600,650,700,1.0,UPI,4,750
DN-10794,TIER_2,INDEPENDENT_HOUSE,1400,1500,1700,1.0,CASH,2,1900
DN-10795,TIER_1,APARTMENT_FLAT,950,1050,0,0.7,UPI,1,1050
DN-10796,TIER_3,COMMERCIAL_SHOP,1250,1350,1450,1.0,CASH,2,1600
DN-10797,TIER_3,COMMERCIAL_SHOP,1300,1450,1550,0.7,UPI,2,1650
DN-10798,TIER_2,APARTMENT_FLAT,1500,1600,1800,1.0,CASH,2,2000
DN-10799,TIER_1,INDEPENDENT_HOUSE,5050,5400,5900,1.0,CASH,1,6300
DN-10800,TIER_1,APARTMENT_FLAT,1550,1650,1900,1.0,UPI,4,2050
DN-10801,TIER_2,CLINIC_PROFESSIONAL,4550,4900,5200,1.0,UPI,4,5500
DN-10802,TIER_1,INDEPENDENT_HOUSE,1450,1550,1750,1.0,UPI,4,1800
DN-10803,TIER_1,APARTMENT_FLAT,1850,2050,2200,1.0,UPI,3,2450
DN-10804,TIER_1,APARTMENT_FLAT,2450,2550,2850,1.0,UPI,3,3200
DN-10805,TIER_1,APARTMENT_FLAT,2850,3050,3300,1.0,CASH,1,3500
DN-10806,TIER_1,APARTMENT_FLAT,2150,0,2450,0.9,CASH,4,2650
DN-10807,TIER_3,APARTMENT_FLAT,1100,1200,1400,1.0,UPI,3,1500
DN-10808,TIER_2,INDEPENDENT_HOUSE,1000,1100,1250,1.0,CASH,4,1400
DN-10809,TIER_2,INDEPENDENT_HOUSE,3350,3600,3900,0.9,CASH,1,4400
DN-10810,TIER_3,APARTMENT_FLAT,850,950,1100,1.0,CASH,2,1200
DN-10811,TIER_2,APARTMENT_FLAT,1550,1750,1950,1.0,CASH,2,2150
DN-10812,TIER_1,APARTMENT_FLAT,3400,3650,4200,1.0,CASH,3,4700
DN-10813,TIER_1,APARTMENT_FLAT,1050,1100,1200,1.0,UPI,3,1250
DN-10814,TIER_2,INDEPENDENT_HOUSE,1000,1150,1300,1.0,UPI,2,1450
DN-10815,TIER_2,APARTMENT_FLAT,650,700,750,1.0,CASH,4,800
DN-10816,TIER_2,APARTMENT_FLAT,1250,1400,0,0.7,UPI,2,1450
DN-10817,TIER_1,APARTMENT_FLAT,5850,6550,7200,1.0,UPI,2,8050
DN-10818,TIER_2,APARTMENT_FLAT,1000,1100,1250,1.0,CASH,4,1400
DN-10819,TIER_2,APARTMENT_FLAT,2150,2250,2550,1.0,CASH,4,2750
DN-10820,TIER_2,CLINIC_PROFESSIONAL,2900,3150,3400,1.0,UPI,2,3650
DN-10821,TIER_2,INDEPENDENT_HOUSE,1700,1950,2100,1.0,UPI,1,2300
DN-10822,TIER_3,COMMERCIAL_SHOP,2700,3050,3200,1.0,CASH,2,3550
DN-10823,TIER_1,COMMERCIAL_SHOP,4300,4850,5500,1.0,CASH,2,5900
DN-10824,TIER_3,INDEPENDENT_HOUSE,2200,2450,2600,1.0,CASH,2,2750
DN-10825,TIER_2,INDEPENDENT_HOUSE,1700,1900,2050,1.0,UPI,4,2200
DN-10826,TIER_3,INDEPENDENT_HOUSE,1100,1200,1300,0.7,UPI,3,1350
DN-10827,TIER_1,APARTMENT_FLAT,2250,2400,2550,1.0,UPI,2,2850
DN-10828,TIER_1,APARTMENT_FLAT,1250,1350,1450,1.0,UPI,4,1600
DN-10829,TIER_2,APARTMENT_FLAT,2350,2550,2850,0.9,UPI,2,3200
DN-10830,TIER_1,APARTMENT_FLAT,1100,1200,1250,0.9,CASH,4,1300
DN-10831,TIER_1,APARTMENT_FLAT,0,2550,2900,0.9,UPI,2,3150
DN-10832,TIER_2,INDEPENDENT_HOUSE,2400,2600,2850,1.0,UPI,2,3200
DN-10833,TIER_2,APARTMENT_FLAT,1050,1100,1250,1.0,UPI,2,1350
DN-10834,TIER_3,APARTMENT_FLAT,0,0,0,0.7,UPI,2,1450
DN-10835,TIER_1,APARTMENT_FLAT,0,3050,0,0.4,UPI,1,2500
DN-10836,TIER_2,INDEPENDENT_HOUSE,2300,2450,2750,1.0,UPI,1,2900
DN-10837,TIER_2,APARTMENT_FLAT,0,2350,2650,0.9,UPI,2,2800
DN-10838,TIER_2,APARTMENT_FLAT,1250,1400,0,0.7,UPI,2,1500
DN-10839,TIER_2,APARTMENT_FLAT,2800,3150,3350,1.0,UPI,3,3550
DN-10840,TIER_1,APARTMENT_FLAT,2650,3000,3250,1.0,UPI,1,3400
DN-10841,TIER_1,APARTMENT_FLAT,3200,3350,3750,0.9,UPI,3,4150
DN-10842,TIER_2,INDEPENDENT_HOUSE,1100,1250,1400,1.0,CASH,3,1500
DN-10843,TIER_2,APARTMENT_FLAT,1950,0,2100,0.9,CASH,1,2300
DN-10844,TIER_2,INDEPENDENT_HOUSE,2600,2900,3050,1.0,UPI,3,3250
DN-10845,TIER_1,APARTMENT_FLAT,1600,1800,1900,1.0,UPI,3,2100
DN-10846,TIER_2,INDEPENDENT_HOUSE,4050,4400,4650,1.0,UPI,1,4900
DN-10847,TIER_2,CLINIC_PROFESSIONAL,2000,2100,2250,1.0,CASH,3,2550
DN-10848,TIER_3,APARTMENT_FLAT,300,300,300,1.0,CASH,2,350
DN-10849,TIER_1,APARTMENT_FLAT,1300,1400,1550,1.0,UPI,4,1650
DN-10850,TIER_2,APARTMENT_FLAT,1900,2100,2300,0.9,CASH,4,2500
DN-10851,TIER_1,APARTMENT_FLAT,2850,3000,3350,1.0,UPI,4,3500
DN-10852,TIER_3,APARTMENT_FLAT,500,550,600,1.0,CASH,3,650
DN-10853,TIER_2,APARTMENT_FLAT,1300,0,1450,0.9,UPI,1,1650
DN-10854,TIER_1,INDEPENDENT_HOUSE,6100,6600,7450,1.0,UPI,2,8200
DN-10855,TIER_2,APARTMENT_FLAT,1400,1550,1650,0.9,UPI,2,1850
DN-10856,TIER_3,APARTMENT_FLAT,950,1000,1100,1.0,CASH,1,1200
DN-10857,TIER_2,INDEPENDENT_HOUSE,1750,2000,2150,1.0,CASH,2,2250
DN-10858,TIER_1,APARTMENT_FLAT,2900,3250,3550,1.0,CASH,1,3750
DN-10859,TIER_3,INDEPENDENT_HOUSE,700,800,900,1.0,UPI,2,1000
DN-10860,TIER_3,COMMERCIAL_SHOP,1400,1550,1700,1.0,CASH,4,1900
DN-10861,TIER_1,APARTMENT_FLAT,4400,4900,5350,1.0,CASH,4,5750
DN-10862,TIER_2,APARTMENT_FLAT,1500,1650,1850,0.9,UPI,3,1950
DN-10863,TIER_1,INDEPENDENT_HOUSE,2850,3050,3300,1.0,UPI,2,3700
DN-10864,TIER_2,APARTMENT_FLAT,1400,1500,1600,1.0,CASH,2,1750
DN-10865,TIER_1,COMMERCIAL_SHOP,3450,3650,4050,1.0,UPI,2,4200
DN-10866,TIER_2,APARTMENT_FLAT,2200,2500,2700,1.0,CASH,4,2850
DN-10867,TIER_2,APARTMENT_FLAT,1300,1400,1550,1.0,CASH,3,1650
DN-10868,TIER_2,COMMERCIAL_SHOP,5150,5450,5950,0.9,UPI,1,6350
DN-10869,TIER_1,CLINIC_PROFESSIONAL,2000,2150,2300,0.9,CASH,2,2600
DN-10870,TIER_1,APARTMENT_FLAT,4350,4900,5200,1.0,UPI,2,5500
DN-10871,TIER_2,APARTMENT_FLAT,4650,5150,5450,1.0,UPI,4,5750
DN-10872,TIER_2,APARTMENT_FLAT,1450,1600,1800,1.0,CASH,3,1900
DN-10873,TIER_2,APARTMENT_FLAT,1500,1600,1700,1.0,UPI,2,1850
DN-10874,TIER_2,INDEPENDENT_HOUSE,1950,2050,2300,1.0,UPI,2,2600
DN-10875,TIER_2,APARTMENT_FLAT,1150,1250,1400,1.0,UPI,4,1500
DN-10876,TIER_1,APARTMENT_FLAT,1950,2100,2300,1.0,UPI,2,2500
DN-10877,TIER_1,INDEPENDENT_HOUSE,0,4700,0,0.7,CASH,4,4700
DN-10878,TIER_2,APARTMENT_FLAT,1550,0,0,0.4,UPI,2,1350
DN-10879,TIER_2,INDEPENDENT_HOUSE,1200,1300,1450,0.9,CASH,1,1550
DN-10880,TIER_1,APARTMENT_FLAT,1050,1150,1250,1.0,UPI,3,1400
DN-10881,TIER_1,INDEPENDENT_HOUSE,3450,3750,3950,1.0,CASH,2,4450
DN-10882,TIER_2,APARTMENT_FLAT,950,1050,1100,1.0,CASH,2,1200
DN-10883,TIER_3,APARTMENT_FLAT,600,650,700,0.9,CASH,1,750
DN-10884,TIER_1,APARTMENT_FLAT,1050,0,1150,0.9,CASH,2,1300
DN-10885,TIER_2,APARTMENT_FLAT,2150,2450,2700,1.0,CASH,3,2800
DN-10886,TIER_2,CLINIC_PROFESSIONAL,2150,2400,2550,1.0,CASH,3,2800
DN-10887,TIER_3,APARTMENT_FLAT,350,400,450,1.0,CASH,2,500
DN-10888,TIER_2,APARTMENT_FLAT,850,900,1000,0.7,CASH,1,1000
DN-10889,TIER_1,APARTMENT_FLAT,4750,5050,5400,1.0,UPI,3,5650
DN-10890,TIER_1,COMMERCIAL_SHOP,9200,9750,0,0.7,UPI,2,9550
DN-10891,TIER_2,APARTMENT_FLAT,1550,1750,2000,1.0,UPI,1,2100
DN-10892,TIER_2,APARTMENT_FLAT,1500,1700,1950,1.0,CASH,2,2200
DN-10893,TIER_1,APARTMENT_FLAT,3200,3650,4150,0.9,UPI,2,4700
DN-10894,TIER_2,INDEPENDENT_HOUSE,3000,3300,3600,0.9,UPI,4,3800
DN-10895,TIER_3,APARTMENT_FLAT,1450,1550,1650,0.9,CASH,2,1750
DN-10896,TIER_1,INDEPENDENT_HOUSE,5200,5800,6200,0.9,UPI,2,6650
DN-10897,TIER_1,CLINIC_PROFESSIONAL,4300,4700,5200,1.0,UPI,3,5550
DN-10898,TIER_3,INDEPENDENT_HOUSE,0,900,0,0.4,CASH,2,750
DN-10899,TIER_1,INDEPENDENT_HOUSE,5750,6100,6800,1.0,UPI,4,7750
DN-10900,TIER_2,APARTMENT_FLAT,2600,2950,3350,1.0,UPI,2,3500
DN-10901,TIER_3,INDEPENDENT_HOUSE,600,600,700,1.0,UPI,4,800
DN-10902,TIER_2,CLINIC_PROFESSIONAL,1600,1700,1800,1.0,UPI,4,2050
DN-10903,TIER_2,INDEPENDENT_HOUSE,0,2500,2650,0.7,CASH,1,2850
DN-10904,TIER_1,APARTMENT_FLAT,3450,3900,4400,1.0,CASH,2,4600
DN-10905,TIER_2,INDEPENDENT_HOUSE,2750,3000,3300,0.9,CASH,2,3800
DN-10906,TIER_2,INDEPENDENT_HOUSE,2800,3200,3650,1.0,UPI,3,4150
DN-10907,TIER_1,COMMERCIAL_SHOP,0,0,8700,0.4,UPI,4,7200
DN-10908,TIER_2,INDEPENDENT_HOUSE,1650,1750,2000,1.0,CASH,3,2100
DN-10909,TIER_2,INDEPENDENT_HOUSE,1150,1300,1450,0.9,CASH,2,1550
DN-10910,TIER_2,INDEPENDENT_HOUSE,2550,2750,3100,1.0,CASH,2,3550
DN-10911,TIER_3,COMMERCIAL_SHOP,1650,1800,2000,1.0,CASH,4,2150
DN-10912,TIER_1,CLINIC_PROFESSIONAL,2250,2550,2850,1.0,CASH,2,3200
DN-10913,TIER_3,APARTMENT_FLAT,500,500,550,1.0,CASH,2,600
DN-10914,TIER_1,APARTMENT_FLAT,2050,0,2300,0.9,UPI,1,2600
DN-10915,TIER_2,INDEPENDENT_HOUSE,1150,0,1250,0.9,CASH,3,1400
DN-10916,TIER_2,APARTMENT_FLAT,3200,3500,4000,1.0,UPI,1,4550
DN-10917,TIER_2,COMMERCIAL_SHOP,1800,1900,2000,1.0,CASH,2,2150
DN-10918,TIER_1,APARTMENT_FLAT,1750,1950,2150,1.0,CASH,2,2300
DN-10919,TIER_1,APARTMENT_FLAT,2100,2250,2500,1.0,UPI,2,2800
DN-10920,TIER_2,CLINIC_PROFESSIONAL,2000,2250,2450,1.0,CASH,4,2550
DN-10921,TIER_3,APARTMENT_FLAT,900,950,1100,0.7,CASH,4,1150
DN-10922,TIER_2,INDEPENDENT_HOUSE,3250,3550,4100,1.0,UPI,2,4350
DN-10923,TIER_1,INDEPENDENT_HOUSE,0,0,0,0.4,UPI,2,3000
DN-10924,TIER_2,COMMERCIAL_SHOP,0,0,0,0.7,CASH,2,1500
DN-10925,TIER_2,COMMERCIAL_SHOP,1650,1750,1950,1.0,CASH,4,2050
DN-10926,TIER_2,APARTMENT_FLAT,2900,3250,3500,1.0,CASH,4,3800
DN-10927,TIER_2,CLINIC_PROFESSIONAL,3600,3850,4100,1.0,CASH,4,4550
DN-10928,TIER_1,COMMERCIAL_SHOP,7000,7750,8700,1.0,UPI,4,9250
DN-10929,TIER_3,INDEPENDENT_HOUSE,1100,1200,1300,1.0,UPI,4,1500
DN-10930,TIER_1,APARTMENT_FLAT,0,0,0,0.4,UPI,1,2600
DN-10931,TIER_1,INDEPENDENT_HOUSE,4300,4650,5300,1.0,UPI,2,5650
DN-10932,TIER_2,COMMERCIAL_SHOP,2050,2200,2450,1.0,UPI,4,2700
DN-10933,TIER_1,APARTMENT_FLAT,2400,2600,2950,1.0,UPI,2,3350
DN-10934,TIER_1,APARTMENT_FLAT,2950,3250,3650,1.0,CASH,3,3850
DN-10935,TIER_1,INDEPENDENT_HOUSE,4650,5000,5400,1.0,UPI,1,5900
DN-10936,TIER_2,APARTMENT_FLAT,0,4450,4700,0.7,CASH,2,4750
DN-10937,TIER_3,APARTMENT_FLAT,700,0,800,0.9,CASH,4,900
DN-10938,TIER_1,APARTMENT_FLAT,4100,4400,4950,0.9,UPI,3,5450
DN-10939,TIER_2,INDEPENDENT_HOUSE,1450,1550,1750,1.0,CASH,1,1900
DN-10940,TIER_1,INDEPENDENT_HOUSE,5500,5750,6250,1.0,UPI,3,6850
DN-10941,TIER_2,APARTMENT_FLAT,950,1000,1150,1.0,CASH,2,1200
DN-10942,TIER_2,APARTMENT_FLAT,2100,0,2400,0.7,UPI,3,2350
DN-10943,TIER_3,APARTMENT_FLAT,800,900,1000,0.9,CASH,2,1100
DN-10944,TIER_3,APARTMENT_FLAT,1100,1150,1250,1.0,UPI,1,1400
DN-10945,TIER_2,APARTMENT_FLAT,1150,1300,1400,0.9,UPI,2,1600
DN-10946,TIER_3,APARTMENT_FLAT,650,700,750,1.0,UPI,2,850
DN-10947,TIER_1,CLINIC_PROFESSIONAL,2350,2500,2850,1.0,UPI,3,3150
DN-10948,TIER_2,APARTMENT_FLAT,1650,1700,1800,1.0,CASH,3,1900
DN-10949,TIER_1,APARTMENT_FLAT,1200,1250,1400,1.0,UPI,1,1600
DN-10950,TIER_3,APARTMENT_FLAT,650,700,800,1.0,CASH,1,850
DN-10951,TIER_2,INDEPENDENT_HOUSE,2450,2750,2900,1.0,CASH,3,3250
DN-10952,TIER_3,APARTMENT_FLAT,700,750,800,1.0,CASH,2,900
DN-10953,TIER_1,INDEPENDENT_HOUSE,0,6600,7400,0.9,UPI,1,7900
DN-10954,TIER_2,APARTMENT_FLAT,1000,1100,1250,1.0,UPI,2,1350
DN-10955,TIER_1,APARTMENT_FLAT,2050,2250,2550,1.0,CASH,3,2750
DN-10956,TIER_2,APARTMENT_FLAT,1050,1200,1300,1.0,UPI,3,1450
DN-10957,TIER_3,APARTMENT_FLAT,1000,1050,0,0.7,CASH,4,1100
DN-10958,TIER_2,INDEPENDENT_HOUSE,1350,1550,1750,0.7,CASH,1,1850
DN-10959,TIER_1,COMMERCIAL_SHOP,4950,0,5550,0.7,CASH,4,5400
DN-10960,TIER_3,APARTMENT_FLAT,900,1000,1100,0.9,CASH,4,1150
DN-10961,TIER_2,APARTMENT_FLAT,850,950,1000,1.0,UPI,3,1150
DN-10962,TIER_2,INDEPENDENT_HOUSE,0,4250,4850,0.9,CASH,1,5500
DN-10963,TIER_3,INDEPENDENT_HOUSE,1100,1250,1400,1.0,CASH,1,1550
DN-10964,TIER_2,CLINIC_PROFESSIONAL,1100,1200,1350,1.0,UPI,2,1450
DN-10965,TIER_1,INDEPENDENT_HOUSE,3250,3600,3950,1.0,UPI,2,4350
DN-10966,TIER_3,COMMERCIAL_SHOP,2400,2650,2900,1.0,CASH,3,3300
DN-10967,TIER_2,APARTMENT_FLAT,0,1700,1950,0.7,CASH,2,2000
DN-10968,TIER_3,COMMERCIAL_SHOP,1550,1700,1800,0.9,UPI,2,2000
DN-10969,TIER_3,APARTMENT_FLAT,850,950,1000,1.0,UPI,2,1100
DN-10970,TIER_3,COMMERCIAL_SHOP,1850,2050,2300,1.0,UPI,3,2600
DN-10971,TIER_2,INDEPENDENT_HOUSE,4000,4250,4550,1.0,UPI,4,4800
DN-10972,TIER_2,INDEPENDENT_HOUSE,3500,3800,4100,1.0,UPI,2,4550
DN-10973,TIER_2,COMMERCIAL_SHOP,4400,0,4950,0.9,UPI,2,5150
DN-10974,TIER_3,INDEPENDENT_HOUSE,1050,0,1150,0.9,CASH,4,1300
DN-10975,TIER_2,INDEPENDENT_HOUSE,1200,1300,1450,1.0,UPI,2,1650
DN-10976,TIER_1,INDEPENDENT_HOUSE,2900,0,3300,0.7,UPI,3,3250
DN-10977,TIER_2,INDEPENDENT_HOUSE,1400,1500,1700,1.0,CASH,2,1850
DN-10978,TIER_1,INDEPENDENT_HOUSE,2100,2350,2500,1.0,UPI,3,2700
DN-10979,TIER_3,INDEPENDENT_HOUSE,1200,1300,0,0.4,UPI,3,1100
DN-10980,TIER_3,APARTMENT_FLAT,1150,1200,1300,1.0,CASH,2,1450
DN-10981,TIER_2,APARTMENT_FLAT,1400,1550,1750,1.0,CASH,2,1900
DN-10982,TIER_2,APARTMENT_FLAT,1250,1350,1450,1.0,CASH,1,1600
DN-10983,TIER_1,COMMERCIAL_SHOP,5200,5650,6450,1.0,CHEQUE,2,6950
DN-10984,TIER_2,INDEPENDENT_HOUSE,3400,3800,4050,1.0,UPI,2,4350
DN-10985,TIER_2,APARTMENT_FLAT,3100,3250,3650,0.9,UPI,2,4100
DN-10986,TIER_1,APARTMENT_FLAT,1750,1950,2100,1.0,CASH,3,2300
DN-10987,TIER_2,APARTMENT_FLAT,600,650,700,0.9,UPI,1,800
DN-10988,TIER_1,APARTMENT_FLAT,1650,1750,1950,0.9,CASH,4,2100
DN-10989,TIER_1,APARTMENT_FLAT,2450,0,2600,0.9,UPI,1,2900
DN-10990,TIER_2,CLINIC_PROFESSIONAL,1700,1900,2000,0.9,CASH,1,2150
DN-10991,TIER_2,COMMERCIAL_SHOP,3850,4250,4650,1.0,UPI,2,5200
DN-10992,TIER_3,INDEPENDENT_HOUSE,850,900,1000,1.0,UPI,1,1050
DN-10993,TIER_1,APARTMENT_FLAT,3600,4050,4350,1.0,UPI,4,4950
DN-10994,TIER_1,APARTMENT_FLAT,1750,1850,2000,1.0,UPI,4,2200
DN-10995,TIER_2,INDEPENDENT_HOUSE,1750,1850,2100,1.0,UPI,2,2350
DN-10996,TIER_3,COMMERCIAL_SHOP,1300,1400,1500,1.0,UPI,3,1600
DN-10997,TIER_3,APARTMENT_FLAT,850,950,1000,1.0,CASH,4,1050
DN-10998,TIER_1,INDEPENDENT_HOUSE,3300,3650,3850,1.0,UPI,3,4250
DN-10999,TIER_2,APARTMENT_FLAT,1400,1450,1600,1.0,CASH,1,1800
DN-11000,TIER_3,APARTMENT_FLAT,650,700,0,0.7,CASH,4,700
DN-11001,TIER_2,APARTMENT_FLAT,1350,1450,1600,1.0,CASH,1,1650
DN-11002,TIER_3,COMMERCIAL_SHOP,1150,1200,1350,1.0,CASH,3,1500
DN-11003,TIER_2,APARTMENT_FLAT,750,800,900,0.9,CASH,4,1000
DN-11004,TIER_2,APARTMENT_FLAT,1150,1200,1350,1.0,CASH,1,1550
DN-11005,TIER_2,COMMERCIAL_SHOP,1750,1950,2050,1.0,CASH,4,2250
DN-11006,TIER_1,APARTMENT_FLAT,2450,2650,3000,1.0,CASH,4,3300
DN-11007,TIER_1,COMMERCIAL_SHOP,1650,1750,1950,0.9,CASH,3,2100
DN-11008,TIER_1,APARTMENT_FLAT,1250,1400,1450,1.0,CASH,2,1500
DN-11009,TIER_3,APARTMENT_FLAT,1100,1200,1300,1.0,UPI,2,1400
DN-11010,TIER_1,APARTMENT_FLAT,0,3700,0,0.4,UPI,2,3100
DN-11011,TIER_1,APARTMENT_FLAT,2800,3200,3450,0.7,UPI,3,3500
DN-11012,TIER_2,APARTMENT_FLAT,0,1000,1150,0.7,CASH,1,1150
DN-11013,TIER_1,APARTMENT_FLAT,0,3700,4250,0.9,UPI,3,4550
DN-11014,TIER_1,APARTMENT_FLAT,0,0,3500,0.7,UPI,3,3650
DN-11015,TIER_3,APARTMENT_FLAT,700,750,850,0.9,UPI,3,950
DN-11016,TIER_1,INDEPENDENT_HOUSE,3950,4450,4700,1.0,UPI,4,5050
DN-11017,TIER_3,INDEPENDENT_HOUSE,850,900,1050,1.0,CASH,3,1150
DN-11018,TIER_1,APARTMENT_FLAT,1800,1950,2100,1.0,CASH,2,2250
DN-11019,TIER_3,COMMERCIAL_SHOP,750,800,850,1.0,UPI,2,900
DN-11020,TIER_2,INDEPENDENT_HOUSE,2500,2750,3050,1.0,UPI,2,3350
DN-11021,TIER_3,INDEPENDENT_HOUSE,0,0,1300,0.7,CASH,4,1300
DN-11022,TIER_3,INDEPENDENT_HOUSE,650,700,800,1.0,CASH,2,900
DN-11023,TIER_2,APARTMENT_FLAT,650,700,750,1.0,CASH,3,850
DN-11024,TIER_2,APARTMENT_FLAT,2400,2700,2850,0.9,UPI,2,3000
DN-11025,TIER_2,INDEPENDENT_HOUSE,1300,1400,1550,1.0,CASH,3,1700
DN-11026,TIER_2,COMMERCIAL_SHOP,2000,2150,2350,0.7,UPI,1,2400
DN-11027,TIER_1,INDEPENDENT_HOUSE,1700,1900,2100,1.0,UPI,2,2250
DN-11028,TIER_2,APARTMENT_FLAT,1500,1700,1900,0.9,UPI,2,2100
DN-11029,TIER_1,APARTMENT_FLAT,4000,4250,4750,1.0,UPI,3,5400
DN-11030,TIER_2,APARTMENT_FLAT,1100,1150,1250,1.0,UPI,2,1300
DN-11031,TIER_3,APARTMENT_FLAT,0,350,350,0.4,CASH,3,300
DN-11032,TIER_2,APARTMENT_FLAT,0,1800,2000,0.9,UPI,3,2100
DN-11033,TIER_1,COMMERCIAL_SHOP,4800,5150,5550,1.0,UPI,2,6100
DN-11034,TIER_3,APARTMENT_FLAT,700,750,800,1.0,UPI,4,900
DN-11035,TIER_3,INDEPENDENT_HOUSE,1200,1300,1400,1.0,UPI,2,1450
DN-11036,TIER_2,APARTMENT_FLAT,2700,2950,3350,1.0,CASH,2,3500
DN-11037,TIER_1,APARTMENT_FLAT,1150,1250,1350,1.0,UPI,1,1400
DN-11038,TIER_2,APARTMENT_FLAT,800,850,950,1.0,CASH,2,1100
DN-11039,TIER_2,INDEPENDENT_HOUSE,3400,3550,3900,0.9,UPI,2,4200
DN-11040,TIER_1,APARTMENT_FLAT,4100,4600,5300,1.0,UPI,1,5950
DN-11041,TIER_2,INDEPENDENT_HOUSE,1800,1900,2000,1.0,UPI,2,2250
DN-11042,TIER_1,APARTMENT_FLAT,1750,2000,2150,1.0,UPI,2,2450
DN-11043,TIER_1,COMMERCIAL_SHOP,3600,4050,4300,1.0,UPI,2,4800
DN-11044,TIER_1,COMMERCIAL_SHOP,0,4550,4800,0.7,UPI,2,4650
DN-11045,TIER_3,INDEPENDENT_HOUSE,1150,1250,1400,1.0,UPI,1,1550
DN-11046,TIER_1,APARTMENT_FLAT,3850,4150,4750,0.9,CASH,3,5250
DN-11047,TIER_2,APARTMENT_FLAT,1450,1550,1700,1.0,UPI,3,1850
DN-11048,TIER_2,INDEPENDENT_HOUSE,3400,3700,4150,0.9,UPI,3,4650
DN-11049,TIER_1,INDEPENDENT_HOUSE,3450,3750,4100,1.0,UPI,2,4250
DN-11050,TIER_3,COMMERCIAL_SHOP,1300,1450,1600,1.0,CASH,3,1800
DN-11051,TIER_1,APARTMENT_FLAT,2450,2750,2900,1.0,UPI,2,3200
DN-11052,TIER_1,APARTMENT_FLAT,2500,2650,2900,1.0,CASH,4,3250
DN-11053,TIER_2,CLINIC_PROFESSIONAL,1300,1450,1550,1.0,CASH,2,1700
DN-11054,TIER_2,INDEPENDENT_HOUSE,1300,1350,1450,1.0,CASH,1,1500
DN-11055,TIER_1,APARTMENT_FLAT,7500,8150,8950,1.0,CASH,3,10200
DN-11056,TIER_3,INDEPENDENT_HOUSE,450,500,550,0.9,CASH,2,600
DN-11057,TIER_1,INDEPENDENT_HOUSE,2300,2550,2900,1.0,UPI,1,3300
DN-11058,TIER_3,APARTMENT_FLAT,0,1000,0,0.4,CASH,2,850
DN-11059,TIER_1,INDEPENDENT_HOUSE,2550,2900,3150,1.0,UPI,1,3400
DN-11060,TIER_1,APARTMENT_FLAT,0,2200,0,0.4,UPI,2,1800
DN-11061,TIER_1,APARTMENT_FLAT,3550,3950,4300,1.0,CASH,2,4800
DN-11062,TIER_3,INDEPENDENT_HOUSE,1200,0,1350,0.4,UPI,2,1200
DN-11063,TIER_1,CLINIC_PROFESSIONAL,3950,4400,5000,1.0,UPI,2,5300
DN-11064,TIER_2,APARTMENT_FLAT,1600,1800,2000,1.0,CASH,2,2250
DN-11065,TIER_2,COMMERCIAL_SHOP,1750,1900,2050,1.0,CASH,2,2200
DN-11066,TIER_2,APARTMENT_FLAT,1850,2050,2200,0.7,UPI,3,2200
DN-11067,TIER_2,INDEPENDENT_HOUSE,2000,2250,2450,1.0,UPI,2,2600
DN-11068,TIER_1,INDEPENDENT_HOUSE,4950,5550,6100,1.0,CASH,2,6800
DN-11069,TIER_3,APARTMENT_FLAT,400,450,500,0.7,CASH,4,500
DN-11070,TIER_2,CLINIC_PROFESSIONAL,4000,4500,4750,1.0,CASH,2,5200
DN-11071,TIER_1,APARTMENT_FLAT,0,1800,2000,0.7,CASH,1,2100
DN-11072,TIER_2,APARTMENT_FLAT,800,900,1000,0.9,CASH,4,1150
DN-11073,TIER_2,COMMERCIAL_SHOP,2000,2250,2500,0.9,CASH,2,2600
DN-11074,TIER_1,CLINIC_PROFESSIONAL,2450,2750,3000,1.0,UPI,2,3400
DN-11075,TIER_2,APARTMENT_FLAT,1650,1850,2100,1.0,UPI,2,2350
DN-11076,TIER_2,INDEPENDENT_HOUSE,1600,1800,2000,1.0,CASH,2,2250
DN-11077,TIER_2,APARTMENT_FLAT,1350,1500,1600,0.9,UPI,2,1800
DN-11078,TIER_1,APARTMENT_FLAT,2350,2650,2900,1.0,UPI,1,3200
DN-11079,TIER_2,INDEPENDENT_HOUSE,1350,1400,1600,1.0,CASH,2,1650
DN-11080,TIER_1,APARTMENT_FLAT,0,2400,2700,0.4,UPI,3,2300
DN-11081,TIER_1,INDEPENDENT_HOUSE,2550,2900,3250,1.0,CASH,3,3650
DN-11082,TIER_1,APARTMENT_FLAT,2350,2550,2850,1.0,UPI,3,3050
DN-11083,TIER_1,COMMERCIAL_SHOP,3550,3850,4300,1.0,UPI,1,4750
DN-11084,TIER_2,APARTMENT_FLAT,1350,1500,1700,1.0,CASH,3,1800
DN-11085,TIER_3,CLINIC_PROFESSIONAL,2100,2200,2350,1.0,UPI,4,2450
DN-11086,TIER_2,COMMERCIAL_SHOP,2350,2500,2700,1.0,UPI,4,3050
DN-11087,TIER_2,COMMERCIAL_SHOP,3150,3450,3850,1.0,UPI,1,4150
DN-11088,TIER_1,COMMERCIAL_SHOP,5350,0,6100,0.9,UPI,3,6850
DN-11089,TIER_2,INDEPENDENT_HOUSE,2550,2700,3000,1.0,CASH,2,3100
DN-11090,TIER_2,INDEPENDENT_HOUSE,1750,1950,2200,0.9,CASH,3,2350
DN-11091,TIER_1,APARTMENT_FLAT,1000,1100,1200,1.0,UPI,1,1350
DN-11092,TIER_2,INDEPENDENT_HOUSE,2000,2200,2450,1.0,CASH,2,2750
DN-11093,TIER_3,APARTMENT_FLAT,700,800,900,0.9,CASH,1,950
DN-11094,TIER_1,APARTMENT_FLAT,3850,4200,4700,1.0,CASH,2,5050
DN-11095,TIER_3,COMMERCIAL_SHOP,2450,2600,2750,0.9,CASH,4,3050
DN-11096,TIER_1,APARTMENT_FLAT,2550,2800,3050,1.0,UPI,2,3300
DN-11097,TIER_3,CLINIC_PROFESSIONAL,950,1050,1150,1.0,CASH,2,1250
DN-11098,TIER_1,APARTMENT_FLAT,1300,1350,1550,1.0,UPI,2,1650
DN-11099,TIER_2,APARTMENT_FLAT,1400,1500,1650,1.0,UPI,4,1700
DN-11100,TIER_2,APARTMENT_FLAT,1050,1100,1200,0.9,CASH,1,1300
DN-11101,TIER_2,APARTMENT_FLAT,1600,1800,2000,0.7,UPI,1,2050
DN-11102,TIER_1,COMMERCIAL_SHOP,5100,5650,6200,1.0,UPI,2,6900
DN-11103,TIER_2,INDEPENDENT_HOUSE,4350,4800,5150,1.0,UPI,1,5450
DN-11104,TIER_1,INDEPENDENT_HOUSE,1750,1850,0,0.7,CASH,2,1900
DN-11105,TIER_2,COMMERCIAL_SHOP,1550,1600,1850,1.0,CASH,1,1950
DN-11106,TIER_3,APARTMENT_FLAT,600,650,700,0.9,UPI,4,750
DN-11107,TIER_1,INDEPENDENT_HOUSE,2550,0,2850,0.7,UPI,2,2800
DN-11108,TIER_2,INDEPENDENT_HOUSE,1200,1250,1350,0.9,UPI,2,1500
DN-11109,TIER_2,APARTMENT_FLAT,2300,2600,2800,0.7,CASH,4,2900
DN-11110,TIER_1,APARTMENT_FLAT,3650,4100,4400,1.0,UPI,3,4950
DN-11111,TIER_3,COMMERCIAL_SHOP,3050,3400,3600,1.0,CASH,2,3950
DN-11112,TIER_1,INDEPENDENT_HOUSE,6100,6400,6750,1.0,UPI,2,7050
DN-11113,TIER_1,INDEPENDENT_HOUSE,1950,2200,2450,1.0,UPI,1,2700
DN-11114,TIER_2,APARTMENT_FLAT,3050,3200,3350,1.0,CASH,1,3750
DN-11115,TIER_1,INDEPENDENT_HOUSE,4200,4550,5000,0.9,CASH,4,5200
DN-11116,TIER_1,INDEPENDENT_HOUSE,2550,2700,3050,1.0,UPI,3,3350
DN-11117,TIER_1,APARTMENT_FLAT,3600,3950,4300,0.9,UPI,1,4650
DN-11118,TIER_1,INDEPENDENT_HOUSE,1800,1900,2050,1.0,UPI,2,2200
DN-11119,TIER_2,CLINIC_PROFESSIONAL,900,1000,1100,1.0,UPI,3,1200
DN-11120,TIER_1,APARTMENT_FLAT,3050,3350,3850,1.0,UPI,2,4000
DN-11121,TIER_3,COMMERCIAL_SHOP,850,0,0,0.7,CASH,2,900
DN-11122,TIER_2,APARTMENT_FLAT,1700,1850,2050,1.0,UPI,2,2200
DN-11123,TIER_2,APARTMENT_FLAT,1100,1150,1300,1.0,UPI,4,1450
DN-11124,TIER_2,INDEPENDENT_HOUSE,2600,2850,3250,1.0,UPI,1,3450
DN-11125,TIER_1,APARTMENT_FLAT,2200,2350,2650,0.9,CASH,2,2850
DN-11126,TIER_3,APARTMENT_FLAT,1200,1300,1450,0.7,CASH,2,1500
DN-11127,TIER_2,COMMERCIAL_SHOP,1950,2050,2200,1.0,CASH,2,2450
DN-11128,TIER_1,APARTMENT_FLAT,1150,1200,1300,1.0,UPI,1,1450
DN-11129,TIER_2,APARTMENT_FLAT,900,950,1050,1.0,UPI,1,1200
DN-11130,TIER_2,CLINIC_PROFESSIONAL,3550,3850,4200,1.0,CASH,1,4750
DN-11131,TIER_3,INDEPENDENT_HOUSE,750,800,900,1.0,CASH,2,1000
DN-11132,TIER_2,APARTMENT_FLAT,1450,0,1600,0.4,UPI,2,1350
DN-11133,TIER_1,INDEPENDENT_HOUSE,4250,4750,5250,1.0,UPI,3,5650
DN-11134,TIER_1,INDEPENDENT_HOUSE,7950,8750,9400,1.0,UPI,1,10100
DN-11135,TIER_1,COMMERCIAL_SHOP,12900,13950,15800,0.9,UPI,2,17700
DN-11136,TIER_1,COMMERCIAL_SHOP,1300,1400,1600,0.9,CASH,2,1650
DN-11137,TIER_2,APARTMENT_FLAT,2500,2750,3150,1.0,UPI,2,3600
DN-11138,TIER_1,APARTMENT_FLAT,3400,3700,4100,1.0,UPI,4,4350
DN-11139,TIER_3,INDEPENDENT_HOUSE,1150,0,0,0.4,CASH,2,950
DN-11140,TIER_2,APARTMENT_FLAT,550,600,650,1.0,CASH,1,700
DN-11141,TIER_2,CLINIC_PROFESSIONAL,1500,1700,1850,1.0,UPI,3,2100
DN-11142,TIER_2,APARTMENT_FLAT,900,950,1050,0.9,CASH,3,1150
DN-11143,TIER_1,APARTMENT_FLAT,1550,1700,1900,1.0,UPI,2,2150
DN-11144,TIER_2,APARTMENT_FLAT,3050,0,3450,0.7,CASH,1,3550
DN-11145,TIER_2,APARTMENT_FLAT,0,650,0,0.4,CASH,2,550
DN-11146,TIER_1,COMMERCIAL_SHOP,3900,4150,4400,1.0,CASH,2,4950
DN-11147,TIER_3,COMMERCIAL_SHOP,0,850,0,0.4,CASH,2,750
DN-11148,TIER_2,APARTMENT_FLAT,1150,1250,1450,0.9,UPI,3,1600
DN-11149,TIER_1,COMMERCIAL_SHOP,0,0,4400,0.7,CASH,2,4650
DN-11150,TIER_2,INDEPENDENT_HOUSE,1100,1250,1400,0.9,UPI,4,1550
DN-11151,TIER_2,APARTMENT_FLAT,850,0,0,0.7,CASH,4,900
DN-11152,TIER_1,CLINIC_PROFESSIONAL,3950,4200,4750,1.0,UPI,2,5150
DN-11153,TIER_3,APARTMENT_FLAT,0,800,850,0.7,CASH,3,900
DN-11154,TIER_2,INDEPENDENT_HOUSE,2750,3050,3300,1.0,CASH,3,3750
DN-11155,TIER_3,COMMERCIAL_SHOP,0,0,2900,0.4,UPI,4,2550
DN-11156,TIER_1,CLINIC_PROFESSIONAL,4550,5150,5900,1.0,UPI,1,6400
DN-11157,TIER_2,INDEPENDENT_HOUSE,0,0,3450,0.4,UPI,3,2850
DN-11158,TIER_1,APARTMENT_FLAT,2050,2200,2450,1.0,UPI,1,2600
DN-11159,TIER_2,INDEPENDENT_HOUSE,1700,1800,1950,1.0,UPI,3,2050
DN-11160,TIER_1,INDEPENDENT_HOUSE,4800,5300,5650,1.0,UPI,1,5950
DN-11161,TIER_3,COMMERCIAL_SHOP,1650,1800,1900,1.0,CASH,4,2050
DN-11162,TIER_2,APARTMENT_FLAT,1650,1800,0,0.9,UPI,4,1950
DN-11163,TIER_2,CLINIC_PROFESSIONAL,1700,1850,2150,1.0,CASH,3,2300
DN-11164,TIER_1,APARTMENT_FLAT,2250,2350,2500,0.9,UPI,2,2700
DN-11165,TIER_1,APARTMENT_FLAT,1950,2100,2250,0.7,UPI,4,2350
DN-11166,TIER_2,COMMERCIAL_SHOP,4200,4400,4950,1.0,UPI,4,5350
DN-11167,TIER_2,APARTMENT_FLAT,0,2200,0,0.7,CASH,2,2300
DN-11168,TIER_2,APARTMENT_FLAT,2500,2800,3150,0.9,CASH,2,3500
DN-11169,TIER_1,APARTMENT_FLAT,2250,2500,2850,1.0,UPI,3,3100
DN-11170,TIER_2,INDEPENDENT_HOUSE,2000,2250,2500,1.0,CASH,3,2750
DN-11171,TIER_2,COMMERCIAL_SHOP,1300,1450,1600,1.0,UPI,1,1850
DN-11172,TIER_2,APARTMENT_FLAT,1500,1650,1850,1.0,CASH,4,2000
DN-11173,TIER_1,APARTMENT_FLAT,2200,2350,2650,1.0,UPI,4,2800
DN-11174,TIER_2,APARTMENT_FLAT,1700,1800,2000,0.9,UPI,2,2150
DN-11175,TIER_3,INDEPENDENT_HOUSE,0,0,1700,0.4,UPI,2,1450
DN-11176,TIER_1,APARTMENT_FLAT,1950,2050,2200,1.0,CASH,2,2400
DN-11177,TIER_1,COMMERCIAL_SHOP,1550,1600,1750,0.7,CASH,1,1800
DN-11178,TIER_2,APARTMENT_FLAT,1450,1650,1850,1.0,UPI,3,2100
DN-11179,TIER_2,INDEPENDENT_HOUSE,1300,1450,1600,1.0,UPI,2,1650
DN-11180,TIER_2,APARTMENT_FLAT,1400,1500,1650,0.9,UPI,2,1800
DN-11181,TIER_1,CLINIC_PROFESSIONAL,4500,4750,5350,1.0,UPI,3,5750
DN-11182,TIER_2,APARTMENT_FLAT,2900,3250,3550,1.0,UPI,4,3900
DN-11183,TIER_3,APARTMENT_FLAT,750,850,900,1.0,CASH,3,1000
DN-11184,TIER_2,INDEPENDENT_HOUSE,2500,2650,3000,0.9,UPI,2,3250
DN-11185,TIER_2,COMMERCIAL_SHOP,2000,2100,2350,1.0,CASH,1,2650
DN-11186,TIER_3,INDEPENDENT_HOUSE,1100,1150,1300,1.0,CASH,1,1450
DN-11187,TIER_1,APARTMENT_FLAT,1600,1800,1950,1.0,UPI,4,2150
DN-11188,TIER_2,APARTMENT_FLAT,2650,2850,3100,1.0,CASH,1,3250
DN-11189,TIER_1,COMMERCIAL_SHOP,0,0,4950,0.4,UPI,2,4100
DN-11190,TIER_2,COMMERCIAL_SHOP,3100,3400,3800,0.9,UPI,1,4250
DN-11191,TIER_2,APARTMENT_FLAT,1650,1800,1950,1.0,CASH,2,2050
DN-11192,TIER_3,APARTMENT_FLAT,550,600,650,1.0,CASH,3,750
DN-11193,TIER_2,APARTMENT_FLAT,2550,2850,3200,1.0,UPI,2,3450
DN-11194,TIER_1,APARTMENT_FLAT,0,0,0,0.9,UPI,4,2300
DN-11195,TIER_3,COMMERCIAL_SHOP,450,500,550,1.0,UPI,4,600
DN-11196,TIER_2,INDEPENDENT_HOUSE,2700,2850,3100,0.9,UPI,3,3400
DN-11197,TIER_2,COMMERCIAL_SHOP,4200,4600,4950,1.0,CASH,1,5450
DN-11198,TIER_1,APARTMENT_FLAT,3300,3450,3950,1.0,UPI,3,4300
DN-11199,TIER_2,INDEPENDENT_HOUSE,800,0,0,0.9,CASH,1,850
DN-11200,TIER_1,APARTMENT_FLAT,1950,2200,2500,1.0,CASH,4,2750
DN-11201,TIER_2,APARTMENT_FLAT,750,800,900,0.9,CASH,1,1000
DN-11202,TIER_1,INDEPENDENT_HOUSE,2500,2650,3000,1.0,UPI,4,3200
DN-11203,TIER_3,COMMERCIAL_SHOP,3550,3950,4300,1.0,UPI,3,4600
DN-11204,TIER_1,COMMERCIAL_SHOP,0,4300,4800,0.9,UPI,1,5300
DN-11205,TIER_1,INDEPENDENT_HOUSE,3000,3350,3650,1.0,UPI,1,4050
DN-11206,TIER_1,APARTMENT_FLAT,2350,2600,2750,1.0,UPI,4,3050
DN-11207,TIER_2,COMMERCIAL_SHOP,2150,2350,2550,1.0,CASH,2,2750
DN-11208,TIER_2,INDEPENDENT_HOUSE,2100,2300,2500,1.0,UPI,2,2750
DN-11209,TIER_1,INDEPENDENT_HOUSE,2250,2400,2700,1.0,CASH,1,3000
DN-11210,TIER_3,INDEPENDENT_HOUSE,750,800,850,1.0,UPI,2,900
DN-11211,TIER_2,APARTMENT_FLAT,800,850,950,1.0,UPI,3,1000
DN-11212,TIER_3,APARTMENT_FLAT,600,650,750,1.0,CASH,2,800
DN-11213,TIER_1,COMMERCIAL_SHOP,4700,5350,6100,1.0,UPI,2,6300
DN-11214,TIER_1,INDEPENDENT_HOUSE,0,5750,6300,0.7,CASH,4,6350
DN-11215,TIER_2,CLINIC_PROFESSIONAL,2100,2300,2600,1.0,UPI,1,2800
DN-11216,TIER_1,INDEPENDENT_HOUSE,6100,6600,7250,1.0,UPI,3,8250
DN-11217,TIER_1,APARTMENT_FLAT,4300,4650,4900,1.0,CASH,3,5450
DN-11218,TIER_1,APARTMENT_FLAT,1900,2150,2450,1.0,CASH,3,2600
DN-11219,TIER_1,APARTMENT_FLAT,2500,2750,3000,1.0,UPI,1,3200
DN-11220,TIER_1,APARTMENT_FLAT,950,1050,0,0.9,CASH,3,1200
DN-11221,TIER_3,INDEPENDENT_HOUSE,5100,5550,6350,1.0,CASH,2,6800
DN-11222,TIER_2,INDEPENDENT_HOUSE,2350,2450,2650,1.0,UPI,4,2950
DN-11223,TIER_1,APARTMENT_FLAT,2700,2800,3200,0.9,UPI,1,3600
DN-11224,TIER_1,APARTMENT_FLAT,4250,4750,5200,1.0,UPI,3,5400
DN-11225,TIER_2,APARTMENT_FLAT,1650,1800,1900,0.9,UPI,1,2050
DN-11226,TIER_2,APARTMENT_FLAT,1350,1450,1550,0.9,CASH,1,1700
DN-11227,TIER_1,COMMERCIAL_SHOP,10400,10950,11550,1.0,UPI,2,13100
DN-11228,TIER_1,APARTMENT_FLAT,3500,3950,0,0.9,UPI,1,4500
DN-11229,TIER_1,APARTMENT_FLAT,1400,1550,1650,0.9,UPI,1,1900
DN-11230,TIER_2,APARTMENT_FLAT,650,0,0,0.7,CASH,2,650
DN-11231,TIER_1,INDEPENDENT_HOUSE,0,1650,1900,0.7,CASH,4,2000
DN-11232,TIER_1,COMMERCIAL_SHOP,3750,4200,4450,1.0,UPI,1,4650
DN-11233,TIER_3,APARTMENT_FLAT,850,950,1050,1.0,CASH,3,1150
DN-11234,TIER_2,INDEPENDENT_HOUSE,3050,3300,3500,0.9,CASH,2,3700
DN-11235,TIER_2,COMMERCIAL_SHOP,2900,3250,3650,1.0,CASH,2,3950
DN-11236,TIER_2,COMMERCIAL_SHOP,4550,4850,5100,1.0,CASH,1,5300
DN-11237,TIER_1,APARTMENT_FLAT,1900,2000,2150,1.0,UPI,4,2250
DN-11238,TIER_3,APARTMENT_FLAT,650,750,800,0.9,CASH,1,900
DN-11239,TIER_2,APARTMENT_FLAT,2100,2300,2600,1.0,UPI,4,2900
DN-11240,TIER_2,INDEPENDENT_HOUSE,2200,2300,2450,1.0,CASH,3,2650
DN-11241,TIER_1,COMMERCIAL_SHOP,3450,3700,3950,1.0,UPI,1,4250
DN-11242,TIER_3,APARTMENT_FLAT,650,750,800,1.0,CASH,4,900
DN-11243,TIER_2,APARTMENT_FLAT,3250,3550,3750,1.0,UPI,4,4000
DN-11244,TIER_3,INDEPENDENT_HOUSE,1050,1150,1300,1.0,CASH,4,1450
DN-11245,TIER_2,APARTMENT_FLAT,2200,2350,2700,1.0,CASH,2,2850
DN-11246,TIER_2,APARTMENT_FLAT,2800,3100,3300,1.0,UPI,1,3650
DN-11247,TIER_1,APARTMENT_FLAT,2950,3150,0,0.9,UPI,4,3300
DN-11248,TIER_1,APARTMENT_FLAT,4000,4200,4650,1.0,UPI,3,4950
DN-11249,TIER_3,APARTMENT_FLAT,1000,1100,1200,1.0,CASH,2,1350
DN-11250,TIER_1,COMMERCIAL_SHOP,2550,2850,3050,1.0,UPI,3,3350
DN-11251,TIER_1,COMMERCIAL_SHOP,4600,5200,5700,1.0,CASH,2,6150
DN-11252,TIER_2,APARTMENT_FLAT,1600,1700,1900,0.7,CASH,3,1950
DN-11253,TIER_1,INDEPENDENT_HOUSE,2800,3000,3200,1.0,CASH,2,3600
DN-11254,TIER_2,APARTMENT_FLAT,0,1450,1600,0.9,CASH,1,1700
DN-11255,TIER_1,APARTMENT_FLAT,2800,3150,3600,0.7,UPI,2,3600
DN-11256,TIER_2,APARTMENT_FLAT,1550,1750,1900,1.0,CASH,4,2150
DN-11257,TIER_1,APARTMENT_FLAT,0,3150,0,0.4,UPI,4,2600
DN-11258,TIER_2,INDEPENDENT_HOUSE,0,1800,0,0.9,UPI,2,2000
DN-11259,TIER_2,APARTMENT_FLAT,2100,2400,2700,1.0,UPI,4,3000
DN-11260,TIER_2,APARTMENT_FLAT,0,600,650,0.9,CASH,2,700
DN-11261,TIER_2,INDEPENDENT_HOUSE,2000,2100,2350,0.7,CASH,4,2500
DN-11262,TIER_2,CLINIC_PROFESSIONAL,2450,0,0,0.9,UPI,2,2700
DN-11263,TIER_1,COMMERCIAL_SHOP,2950,3350,3750,1.0,UPI,3,3900
DN-11264,TIER_2,APARTMENT_FLAT,1150,1250,1350,1.0,UPI,4,1500
DN-11265,TIER_3,APARTMENT_FLAT,750,800,900,1.0,CASH,4,950
DN-11266,TIER_1,APARTMENT_FLAT,3900,4300,4750,1.0,CASH,4,5300
DN-11267,TIER_1,CLINIC_PROFESSIONAL,2900,3100,3300,1.0,UPI,1,3450
DN-11268,TIER_3,CLINIC_PROFESSIONAL,350,400,450,0.9,CASH,2,500
DN-11269,TIER_3,CLINIC_PROFESSIONAL,850,950,1100,0.9,CASH,4,1150
DN-11270,TIER_2,INDEPENDENT_HOUSE,1950,2050,2250,1.0,UPI,1,2350
DN-11271,TIER_2,APARTMENT_FLAT,1700,1850,1950,0.9,UPI,1,2100
DN-11272,TIER_1,COMMERCIAL_SHOP,4500,4900,5400,0.7,UPI,4,5650
DN-11273,TIER_2,INDEPENDENT_HOUSE,3450,3850,4100,1.0,CASH,3,4600
DN-11274,TIER_3,INDEPENDENT_HOUSE,1150,1250,1300,1.0,CASH,2,1400
DN-11275,TIER_1,INDEPENDENT_HOUSE,2200,2300,2650,1.0,UPI,3,2850
DN-11276,TIER_2,INDEPENDENT_HOUSE,900,950,1050,1.0,UPI,2,1150
DN-11277,TIER_2,APARTMENT_FLAT,700,750,800,0.9,UPI,4,900
DN-11278,TIER_1,APARTMENT_FLAT,1650,1800,2050,0.9,UPI,1,2300
DN-11279,TIER_2,INDEPENDENT_HOUSE,1050,1200,1400,1.0,CASH,3,1600
DN-11280,TIER_1,CLINIC_PROFESSIONAL,0,3750,4100,0.7,UPI,1,4100
DN-11281,TIER_2,APARTMENT_FLAT,1300,1450,1550,0.9,CASH,2,1700
DN-11282,TIER_1,APARTMENT_FLAT,2000,2200,2300,1.0,CASH,2,2600
DN-11283,TIER_1,INDEPENDENT_HOUSE,3550,4000,4500,0.9,UPI,2,5050
DN-11284,TIER_1,COMMERCIAL_SHOP,3750,4000,4350,1.0,UPI,2,4550
DN-11285,TIER_1,INDEPENDENT_HOUSE,3000,3300,3700,0.9,CASH,4,3850
DN-11286,TIER_2,COMMERCIAL_SHOP,1750,1850,2050,1.0,CASH,1,2100
DN-11287,TIER_1,APARTMENT_FLAT,2550,2800,3100,1.0,CASH,1,3250
DN-11288,TIER_1,APARTMENT_FLAT,2550,2850,3000,1.0,UPI,4,3350
DN-11289,TIER_1,INDEPENDENT_HOUSE,2900,0,3200,0.4,CASH,2,2650
DN-11290,TIER_1,APARTMENT_FLAT,2600,2800,3000,1.0,UPI,1,3150
DN-11291,TIER_3,APARTMENT_FLAT,450,500,550,1.0,CASH,1,600
DN-11292,TIER_1,APARTMENT_FLAT,2050,2300,2500,0.9,UPI,2,2800
DN-11293,TIER_1,COMMERCIAL_SHOP,3000,3250,3550,1.0,UPI,2,3750
DN-11294,TIER_3,COMMERCIAL_SHOP,700,0,0,0.4,CASH,2,600
DN-11295,TIER_2,APARTMENT_FLAT,1550,1650,1800,1.0,UPI,2,2050
DN-11296,TIER_1,INDEPENDENT_HOUSE,4450,4850,5450,1.0,CASH,1,6150
DN-11297,TIER_3,CLINIC_PROFESSIONAL,650,700,800,1.0,CASH,2,850
DN-11298,TIER_1,INDEPENDENT_HOUSE,3200,3350,3500,1.0,UPI,3,3700
DN-11299,TIER_3,APARTMENT_FLAT,550,600,0,0.7,CASH,2,600
DN-11300,TIER_1,APARTMENT_FLAT,0,0,4050,0.4,UPI,2,3300
DN-11301,TIER_1,COMMERCIAL_SHOP,9050,9950,10800,1.0,CASH,2,11950
DN-11302,TIER_2,COMMERCIAL_SHOP,7950,8850,10100,1.0,UPI,2,10750
DN-11303,TIER_3,COMMERCIAL_SHOP,2050,2150,2400,1.0,CASH,2,2750
DN-11304,TIER_3,APARTMENT_FLAT,1050,1150,1250,1.0,UPI,3,1350
DN-11305,TIER_2,APARTMENT_FLAT,2300,2600,2850,1.0,CASH,2,2950
DN-11306,TIER_3,APARTMENT_FLAT,650,0,750,0.7,CASH,3,750
DN-11307,TIER_2,APARTMENT_FLAT,1100,1200,1250,0.9,UPI,2,1350
DN-11308,TIER_1,APARTMENT_FLAT,2200,2400,2550,1.0,UPI,1,2750
DN-11309,TIER_1,APARTMENT_FLAT,4200,4650,4900,1.0,CASH,4,5550
DN-11310,TIER_1,INDEPENDENT_HOUSE,4050,4200,4550,1.0,CASH,4,4900
DN-11311,TIER_2,CLINIC_PROFESSIONAL,2000,2200,2400,1.0,UPI,2,2500
DN-11312,TIER_2,COMMERCIAL_SHOP,2500,2650,0,0.9,CASH,3,2800
DN-11313,TIER_1,COMMERCIAL_SHOP,4600,4850,5150,0.9,UPI,2,5650
DN-11314,TIER_1,COMMERCIAL_SHOP,2950,3100,3300,1.0,UPI,2,3600
DN-11315,TIER_2,INDEPENDENT_HOUSE,1950,2100,2200,1.0,CASH,2,2300
DN-11316,TIER_3,APARTMENT_FLAT,900,950,0,0.7,CASH,2,950
DN-11317,TIER_3,APARTMENT_FLAT,400,450,450,1.0,CASH,2,500
DN-11318,TIER_1,COMMERCIAL_SHOP,5150,5850,6600,1.0,UPI,2,7550
DN-11319,TIER_2,APARTMENT_FLAT,1600,1700,1950,0.9,UPI,2,2150
DN-11320,TIER_1,INDEPENDENT_HOUSE,3100,3450,3900,0.7,UPI,2,3800
DN-11321,TIER_3,APARTMENT_FLAT,500,550,650,1.0,CASH,4,700
DN-11322,TIER_1,APARTMENT_FLAT,2700,3050,3450,1.0,UPI,4,3700
DN-11323,TIER_1,COMMERCIAL_SHOP,4450,4650,5350,1.0,UPI,4,5700
DN-11324,TIER_2,INDEPENDENT_HOUSE,900,950,1050,1.0,CASH,3,1200
DN-11325,TIER_3,COMMERCIAL_SHOP,950,1050,1150,1.0,UPI,2,1250
DN-11326,TIER_1,INDEPENDENT_HOUSE,5250,5750,6200,1.0,UPI,2,6550
DN-11327,TIER_1,INDEPENDENT_HOUSE,2700,2850,3100,1.0,UPI,2,3500
DN-11328,TIER_3,APARTMENT_FLAT,550,550,650,1.0,CASH,4,700
DN-11329,TIER_3,INDEPENDENT_HOUSE,2000,2200,2350,1.0,UPI,2,2500
DN-11330,TIER_3,APARTMENT_FLAT,1150,1250,1350,1.0,CASH,2,1400
DN-11331,TIER_1,APARTMENT_FLAT,2200,2500,2850,1.0,CASH,2,3150
DN-11332,TIER_2,APARTMENT_FLAT,0,950,0,0.9,UPI,2,1000
DN-11333,TIER_2,APARTMENT_FLAT,2100,0,0,0.4,UPI,3,1850
DN-11334,TIER_1,INDEPENDENT_HOUSE,5000,5650,6450,1.0,UPI,2,6750
DN-11335,TIER_1,APARTMENT_FLAT,2800,3000,3200,1.0,CASH,2,3600
DN-11336,TIER_1,APARTMENT_FLAT,2000,2300,2550,1.0,UPI,2,2700
DN-11337,TIER_3,COMMERCIAL_SHOP,350,350,400,1.0,CASH,1,450
DN-11338,TIER_1,APARTMENT_FLAT,2050,2150,2350,1.0,CASH,2,2500
DN-11339,TIER_2,CLINIC_PROFESSIONAL,1250,1400,1600,1.0,CASH,3,1650
DN-11340,TIER_1,CLINIC_PROFESSIONAL,7150,7950,9050,0.9,UPI,3,9500
DN-11341,TIER_2,APARTMENT_FLAT,600,650,750,1.0,CASH,4,850
DN-11342,TIER_1,COMMERCIAL_SHOP,2400,2700,2850,0.9,UPI,2,3050
DN-11343,TIER_1,INDEPENDENT_HOUSE,5400,6100,6750,1.0,UPI,2,7050
DN-11344,TIER_3,INDEPENDENT_HOUSE,1350,1500,1600,1.0,CASH,2,1800
DN-11345,TIER_1,APARTMENT_FLAT,4650,5250,5600,1.0,CASH,4,5950
DN-11346,TIER_1,APARTMENT_FLAT,2450,2750,2950,1.0,UPI,4,3200
DN-11347,TIER_2,INDEPENDENT_HOUSE,1900,2050,2250,1.0,CASH,2,2550
DN-11348,TIER_2,INDEPENDENT_HOUSE,1600,1700,1900,1.0,CASH,3,2000
DN-11349,TIER_2,COMMERCIAL_SHOP,2400,2700,2900,1.0,CASH,2,3050
DN-11350,TIER_3,CLINIC_PROFESSIONAL,1250,1350,1500,0.9,CASH,2,1600
DN-11351,TIER_1,CLINIC_PROFESSIONAL,4700,5350,5950,1.0,CASH,3,6750
DN-11352,TIER_3,INDEPENDENT_HOUSE,1250,1400,1550,1.0,UPI,2,1700
DN-11353,TIER_2,APARTMENT_FLAT,1250,1350,1450,1.0,CASH,3,1550
DN-11354,TIER_2,APARTMENT_FLAT,1150,1200,1250,1.0,UPI,2,1450
DN-11355,TIER_1,APARTMENT_FLAT,3250,3700,4150,0.7,UPI,2,4100
DN-11356,TIER_2,APARTMENT_FLAT,1350,1550,1650,0.9,CASH,1,1750
DN-11357,TIER_1,INDEPENDENT_HOUSE,2900,3200,3550,1.0,UPI,4,3700
DN-11358,TIER_2,INDEPENDENT_HOUSE,900,1000,1150,1.0,CASH,4,1250
DN-11359,TIER_2,APARTMENT_FLAT,2350,2650,3000,1.0,CASH,1,3150
DN-11360,TIER_2,APARTMENT_FLAT,1400,1500,1600,1.0,CASH,2,1650
DN-11361,TIER_2,APARTMENT_FLAT,0,0,0,0.4,CASH,3,1350
DN-11362,TIER_3,APARTMENT_FLAT,600,650,750,0.9,CASH,3,850
DN-11363,TIER_2,INDEPENDENT_HOUSE,3200,3550,3750,0.7,CASH,4,3850
DN-11364,TIER_1,APARTMENT_FLAT,5450,5850,6350,1.0,UPI,2,6600
DN-11365,TIER_1,INDEPENDENT_HOUSE,4700,5350,5950,1.0,CASH,4,6500
DN-11366,TIER_2,APARTMENT_FLAT,1250,1400,0,0.9,UPI,2,1500
DN-11367,TIER_2,APARTMENT_FLAT,1950,2100,2400,1.0,CASH,2,2650
DN-11368,TIER_1,COMMERCIAL_SHOP,5550,5850,6350,1.0,UPI,3,7000
DN-11369,TIER_2,INDEPENDENT_HOUSE,1550,1700,1800,1.0,UPI,4,2050
DN-11370,TIER_2,INDEPENDENT_HOUSE,2800,3000,3350,0.9,UPI,4,3600
DN-11371,TIER_1,APARTMENT_FLAT,5000,5600,5900,1.0,CASH,1,6150
DN-11372,TIER_1,APARTMENT_FLAT,2050,2300,2550,1.0,UPI,3,2800
DN-11373,TIER_3,APARTMENT_FLAT,1000,1150,1250,1.0,UPI,2,1350
DN-11374,TIER_2,INDEPENDENT_HOUSE,4650,4900,5600,1.0,CHEQUE,2,5950
DN-11375,TIER_2,INDEPENDENT_HOUSE,2750,3000,3300,1.0,CASH,4,3550
DN-11376,TIER_3,INDEPENDENT_HOUSE,1550,1650,1900,0.9,UPI,1,2150
DN-11377,TIER_2,CLINIC_PROFESSIONAL,600,650,700,1.0,UPI,2,750
DN-11378,TIER_3,INDEPENDENT_HOUSE,1200,1350,1500,1.0,UPI,2,1600
DN-11379,TIER_2,INDEPENDENT_HOUSE,1050,1100,1200,1.0,UPI,3,1300
DN-11380,TIER_2,APARTMENT_FLAT,3050,3300,3650,0.9,UPI,2,4100
DN-11381,TIER_3,INDEPENDENT_HOUSE,1850,1950,2150,1.0,CASH,1,2250
DN-11382,TIER_1,APARTMENT_FLAT,2700,2950,3400,1.0,CASH,2,3800
DN-11383,TIER_2,INDEPENDENT_HOUSE,1750,1900,2100,1.0,CASH,3,2400
DN-11384,TIER_2,APARTMENT_FLAT,1250,1400,1500,1.0,CASH,2,1700
DN-11385,TIER_2,APARTMENT_FLAT,2150,2300,2650,1.0,CASH,4,2850
DN-11386,TIER_1,INDEPENDENT_HOUSE,1550,1750,1850,0.7,UPI,1,1800
DN-11387,TIER_1,APARTMENT_FLAT,2200,2400,2650,1.0,CASH,3,3000
DN-11388,TIER_3,COMMERCIAL_SHOP,0,750,850,0.9,UPI,4,900
DN-11389,TIER_1,COMMERCIAL_SHOP,4150,4500,4850,0.9,UPI,2,5250
DN-11390,TIER_1,COMMERCIAL_SHOP,4900,5550,6350,1.0,CASH,4,6600
DN-11391,TIER_3,INDEPENDENT_HOUSE,1300,1400,1550,1.0,CASH,3,1600
DN-11392,TIER_1,INDEPENDENT_HOUSE,4600,5200,5800,1.0,UPI,2,6400
DN-11393,TIER_2,APARTMENT_FLAT,900,950,1100,1.0,CASH,2,1150
DN-11394,TIER_2,INDEPENDENT_HOUSE,2950,3200,3400,1.0,CASH,3,3650
DN-11395,TIER_1,INDEPENDENT_HOUSE,4150,4500,5050,1.0,UPI,4,5450
DN-11396,TIER_2,APARTMENT_FLAT,1550,1700,1800,1.0,UPI,4,1900
DN-11397,TIER_2,INDEPENDENT_HOUSE,2000,2100,2200,1.0,CASH,1,2500
DN-11398,TIER_2,INDEPENDENT_HOUSE,1300,1400,0,0.9,UPI,4,1450
DN-11399,TIER_1,APARTMENT_FLAT,1050,1100,1150,1.0,CASH,3,1300
DN-11400,TIER_2,APARTMENT_FLAT,1400,1600,1750,1.0,CASH,2,1950
DN-11401,TIER_1,INDEPENDENT_HOUSE,4650,4850,5250,1.0,UPI,4,5600
DN-11402,TIER_1,INDEPENDENT_HOUSE,4950,5500,6050,1.0,UPI,3,6350
DN-11403,TIER_2,APARTMENT_FLAT,1350,1450,1650,1.0,UPI,3,1750
DN-11404,TIER_2,INDEPENDENT_HOUSE,1900,2100,2300,1.0,CASH,2,2550
DN-11405,TIER_3,INDEPENDENT_HOUSE,0,850,950,0.7,CASH,4,1000
DN-11406,TIER_2,INDEPENDENT_HOUSE,1200,1350,1500,1.0,CASH,3,1650
DN-11407,TIER_2,COMMERCIAL_SHOP,2900,3150,3600,1.0,CASH,3,4000
DN-11408,TIER_1,APARTMENT_FLAT,2650,2950,0,0.4,UPI,4,2450
DN-11409,TIER_1,APARTMENT_FLAT,3950,4300,4900,0.9,UPI,1,5250
DN-11410,TIER_2,COMMERCIAL_SHOP,2150,2250,2550,1.0,CASH,2,2850
DN-11411,TIER_2,APARTMENT_FLAT,1400,1550,1800,1.0,UPI,2,2050
DN-11412,TIER_2,INDEPENDENT_HOUSE,0,1850,2000,0.9,CASH,2,2150
DN-11413,TIER_2,APARTMENT_FLAT,1100,1200,1350,0.9,UPI,2,1450
DN-11414,TIER_2,APARTMENT_FLAT,2500,2650,3000,1.0,UPI,2,3300
DN-11415,TIER_1,APARTMENT_FLAT,2450,2700,3000,1.0,UPI,4,3200
DN-11416,TIER_3,INDEPENDENT_HOUSE,850,900,1000,1.0,CASH,4,1050
DN-11417,TIER_2,APARTMENT_FLAT,4350,4650,5150,0.4,CASH,1,4350
DN-11418,TIER_1,INDEPENDENT_HOUSE,6250,6700,7100,1.0,CASH,2,7750
DN-11419,TIER_2,INDEPENDENT_HOUSE,600,700,750,1.0,UPI,4,850
DN-11420,TIER_1,APARTMENT_FLAT,1000,0,1050,0.9,CASH,1,1200
DN-11421,TIER_1,INDEPENDENT_HOUSE,3850,4350,4700,1.0,UPI,2,5350
DN-11422,TIER_2,INDEPENDENT_HOUSE,0,2200,2400,0.9,UPI,1,2700
DN-11423,TIER_2,APARTMENT_FLAT,2700,3000,3250,1.0,CASH,2,3450
DN-11424,TIER_1,CLINIC_PROFESSIONAL,5550,6100,6900,1.0,UPI,1,7350
DN-11425,TIER_2,APARTMENT_FLAT,2150,2400,2750,1.0,CASH,1,3100
DN-11426,TIER_2,APARTMENT_FLAT,1450,1600,1750,0.9,CASH,4,1950
DN-11427,TIER_2,INDEPENDENT_HOUSE,3600,3900,4150,0.9,UPI,1,4450
DN-11428,TIER_1,COMMERCIAL_SHOP,4850,0,0,0.9,UPI,3,5400
DN-11429,TIER_1,APARTMENT_FLAT,2150,2300,2600,1.0,UPI,2,2850
DN-11430,TIER_2,INDEPENDENT_HOUSE,1450,1550,0,0.9,UPI,1,1650
DN-11431,TIER_2,INDEPENDENT_HOUSE,1650,1800,1950,0.7,UPI,2,1950
DN-11432,TIER_2,APARTMENT_FLAT,2050,2300,2500,1.0,UPI,4,2800
DN-11433,TIER_2,INDEPENDENT_HOUSE,2550,2800,3000,0.9,CASH,1,3400
DN-11434,TIER_2,INDEPENDENT_HOUSE,0,1200,0,0.4,UPI,1,1050
DN-11435,TIER_2,INDEPENDENT_HOUSE,850,900,950,1.0,UPI,3,1050
DN-11436,TIER_1,APARTMENT_FLAT,4550,5000,5450,1.0,UPI,3,5800
DN-11437,TIER_2,APARTMENT_FLAT,950,1050,1150,1.0,UPI,4,1250
DN-11438,TIER_2,INDEPENDENT_HOUSE,1000,1100,1150,1.0,UPI,2,1250
DN-11439,TIER_2,APARTMENT_FLAT,2750,2900,3200,1.0,UPI,2,3500
DN-11440,TIER_1,INDEPENDENT_HOUSE,2800,0,3150,0.9,UPI,4,3400
DN-11441,TIER_3,APARTMENT_FLAT,2200,2450,2700,0.9,UPI,2,2950
DN-11442,TIER_1,APARTMENT_FLAT,1350,1500,1650,1.0,UPI,3,1850
DN-11443,TIER_3,APARTMENT_FLAT,0,650,700,0.7,UPI,2,700
DN-11444,TIER_2,APARTMENT_FLAT,2900,3000,0,0.4,UPI,4,2550
DN-11445,TIER_1,INDEPENDENT_HOUSE,11000,11750,13000,1.0,CHEQUE,4,14600
DN-11446,TIER_2,INDEPENDENT_HOUSE,2900,3150,3550,1.0,UPI,2,3900
DN-11447,TIER_2,APARTMENT_FLAT,2150,2400,2550,1.0,UPI,1,2850
DN-11448,TIER_1,INDEPENDENT_HOUSE,0,0,0,0.4,UPI,2,2750
DN-11449,TIER_1,INDEPENDENT_HOUSE,3250,3550,3900,1.0,UPI,1,4150
DN-11450,TIER_3,INDEPENDENT_HOUSE,1000,1100,1200,1.0,CASH,4,1350
DN-11451,TIER_2,APARTMENT_FLAT,1100,1150,1250,1.0,CASH,1,1450
DN-11452,TIER_2,CLINIC_PROFESSIONAL,1650,1800,1950,0.9,CASH,3,2100
DN-11453,TIER_3,APARTMENT_FLAT,900,950,1000,0.9,CASH,3,1100
DN-11454,TIER_1,COMMERCIAL_SHOP,3250,3500,3700,1.0,CASH,2,4200
DN-11455,TIER_1,COMMERCIAL_SHOP,7500,8100,8650,1.0,UPI,3,8950
DN-11456,TIER_3,INDEPENDENT_HOUSE,1400,1550,1700,1.0,CASH,2,1850
DN-11457,TIER_3,APARTMENT_FLAT,1100,1250,1400,1.0,CASH,2,1450
DN-11458,TIER_1,APARTMENT_FLAT,5000,5400,5800,1.0,CASH,3,6500
DN-11459,TIER_1,APARTMENT_FLAT,950,1050,1200,1.0,CASH,2,1350
DN-11460,TIER_2,APARTMENT_FLAT,2100,2300,2500,1.0,CASH,2,2650
DN-11461,TIER_1,INDEPENDENT_HOUSE,3300,3450,3950,1.0,CASH,3,4300
DN-11462,TIER_3,INDEPENDENT_HOUSE,1100,1200,1350,1.0,CASH,2,1500
DN-11463,TIER_2,INDEPENDENT_HOUSE,2050,2250,2500,1.0,UPI,2,2650
DN-11464,TIER_2,APARTMENT_FLAT,2050,2250,2550,1.0,CASH,4,2800
DN-11465,TIER_2,APARTMENT_FLAT,0,0,950,0.4,UPI,2,800
DN-11466,TIER_2,INDEPENDENT_HOUSE,4200,4600,4850,0.9,UPI,1,5300
DN-11467,TIER_2,INDEPENDENT_HOUSE,2050,2150,2300,1.0,UPI,2,2550
DN-11468,TIER_2,COMMERCIAL_SHOP,2450,2650,2850,1.0,UPI,2,3100
DN-11469,TIER_1,APARTMENT_FLAT,2000,0,2250,0.4,UPI,2,1900
DN-11470,TIER_1,INDEPENDENT_HOUSE,3650,3850,4350,0.9,UPI,2,4900
DN-11471,TIER_2,APARTMENT_FLAT,750,0,0,0.4,CASH,2,600
DN-11472,TIER_2,CLINIC_PROFESSIONAL,2850,3050,3300,1.0,UPI,4,3500
DN-11473,TIER_1,INDEPENDENT_HOUSE,0,0,4700,0.4,CASH,2,4150
DN-11474,TIER_2,INDEPENDENT_HOUSE,1450,1550,1700,1.0,UPI,2,1850
DN-11475,TIER_1,APARTMENT_FLAT,1500,1600,1800,0.9,UPI,4,2050
DN-11476,TIER_3,INDEPENDENT_HOUSE,1200,1300,1450,1.0,CASH,3,1650
DN-11477,TIER_1,APARTMENT_FLAT,0,0,1600,0.4,UPI,3,1400
DN-11478,TIER_3,APARTMENT_FLAT,1300,1350,1400,1.0,CASH,2,1550
DN-11479,TIER_2,CLINIC_PROFESSIONAL,3100,3300,3600,1.0,UPI,4,4100
DN-11480,TIER_1,INDEPENDENT_HOUSE,5250,5500,6200,1.0,UPI,2,7050
DN-11481,TIER_3,APARTMENT_FLAT,750,800,850,1.0,CASH,3,950
DN-11482,TIER_1,INDEPENDENT_HOUSE,6100,6400,6750,1.0,CASH,2,7250
DN-11483,TIER_3,INDEPENDENT_HOUSE,1100,1200,1350,1.0,CASH,4,1450
DN-11484,TIER_2,APARTMENT_FLAT,650,750,800,1.0,UPI,4,900
DN-11485,TIER_2,APARTMENT_FLAT,1050,1200,1250,1.0,CASH,4,1400
DN-11486,TIER_2,APARTMENT_FLAT,1150,1250,1400,1.0,UPI,2,1500
DN-11487,TIER_1,APARTMENT_FLAT,3000,3200,3450,1.0,UPI,1,3750
DN-11488,TIER_1,APARTMENT_FLAT,2350,2600,2750,1.0,UPI,2,3000
DN-11489,TIER_3,INDEPENDENT_HOUSE,1950,2050,2200,0.7,UPI,2,2200
DN-11490,TIER_2,INDEPENDENT_HOUSE,1150,1200,1350,1.0,CASH,4,1450
DN-11491,TIER_1,APARTMENT_FLAT,6800,7450,8450,1.0,UPI,1,9550
DN-11492,TIER_2,INDEPENDENT_HOUSE,3050,3300,3700,1.0,CASH,2,4250
DN-11493,TIER_2,CLINIC_PROFESSIONAL,2300,2600,2900,1.0,UPI,3,3250
DN-11494,TIER_2,INDEPENDENT_HOUSE,0,3300,0,0.7,UPI,2,3250
DN-11495,TIER_3,APARTMENT_FLAT,300,300,300,1.0,CASH,2,350
DN-11496,TIER_3,APARTMENT_FLAT,850,950,1050,1.0,UPI,3,1150
DN-11497,TIER_2,INDEPENDENT_HOUSE,1400,1550,1750,1.0,CASH,2,2000
DN-11498,TIER_3,CLINIC_PROFESSIONAL,0,0,0,0.4,UPI,3,750
DN-11499,TIER_2,INDEPENDENT_HOUSE,1300,1400,1600,1.0,UPI,2,1750
DN-11500,TIER_3,INDEPENDENT_HOUSE,950,1050,1200,1.0,UPI,3,1300
DN-11501,TIER_3,APARTMENT_FLAT,1000,1050,1200,0.9,CASH,1,1250
DN-11502,TIER_1,APARTMENT_FLAT,1750,1950,2100,1.0,CASH,4,2300
DN-11503,TIER_3,APARTMENT_FLAT,800,900,1000,1.0,UPI,1,1150
DN-11504,TIER_3,INDEPENDENT_HOUSE,1600,1700,1800,1.0,CASH,4,2000
DN-11505,TIER_2,COMMERCIAL_SHOP,5700,6200,6550,1.0,UPI,2,7500
DN-11506,TIER_1,APARTMENT_FLAT,2900,3300,3750,0.7,UPI,1,3700
DN-11507,TIER_2,APARTMENT_FLAT,850,900,1000,1.0,CASH,2,1050
DN-11508,TIER_2,APARTMENT_FLAT,1450,1600,1750,1.0,UPI,1,1800
DN-11509,TIER_1,CLINIC_PROFESSIONAL,2850,3100,3400,1.0,CASH,3,3800
DN-11510,TIER_1,APARTMENT_FLAT,2300,2550,2850,1.0,CASH,4,3250
DN-11511,TIER_3,APARTMENT_FLAT,350,350,400,0.4,CASH,1,350
DN-11512,TIER_1,INDEPENDENT_HOUSE,6500,6800,7300,1.0,CASH,2,8150
DN-11513,TIER_3,CLINIC_PROFESSIONAL,1200,1350,1500,1.0,CASH,3,1600
DN-11514,TIER_1,COMMERCIAL_SHOP,3300,3750,4200,1.0,CASH,1,4500
DN-11515,TIER_3,COMMERCIAL_SHOP,800,0,850,0.9,CASH,2,950
DN-11516,TIER_3,INDEPENDENT_HOUSE,1650,1750,1950,0.9,UPI,1,2000
DN-11517,TIER_2,APARTMENT_FLAT,750,800,850,0.9,CASH,4,950
DN-11518,TIER_3,APARTMENT_FLAT,400,450,450,1.0,UPI,2,450
DN-11519,TIER_3,APARTMENT_FLAT,1200,1350,1450,0.9,CASH,1,1550
DN-11520,TIER_1,APARTMENT_FLAT,5050,5550,6000,1.0,UPI,1,6450
DN-11521,TIER_2,COMMERCIAL_SHOP,1400,1550,1750,1.0,CASH,3,1900
DN-11522,TIER_2,INDEPENDENT_HOUSE,2350,2550,2850,1.0,CASH,1,3000
DN-11523,TIER_1,APARTMENT_FLAT,2300,2500,2850,1.0,UPI,3,3050
DN-11524,TIER_2,APARTMENT_FLAT,1700,1800,2000,1.0,CASH,3,2150
DN-11525,TIER_1,INDEPENDENT_HOUSE,3800,4000,4300,0.9,UPI,3,4800
DN-11526,TIER_2,APARTMENT_FLAT,1250,1300,0,0.7,CASH,4,1350
DN-11527,TIER_3,APARTMENT_FLAT,900,950,1050,1.0,CASH,2,1150
DN-11528,TIER_2,APARTMENT_FLAT,1350,1400,1550,1.0,UPI,3,1700
DN-11529,TIER_2,COMMERCIAL_SHOP,750,800,850,1.0,CASH,2,900
DN-11530,TIER_2,COMMERCIAL_SHOP,2600,2850,3000,0.9,UPI,2,3250
DN-11531,TIER_2,APARTMENT_FLAT,1050,1150,1300,1.0,UPI,4,1400
DN-11532,TIER_2,APARTMENT_FLAT,1900,2150,2250,1.0,UPI,4,2450
DN-11533,TIER_2,INDEPENDENT_HOUSE,0,2300,0,0.4,UPI,1,1950
DN-11534,TIER_3,APARTMENT_FLAT,0,1600,1800,0.7,CASH,2,1900
DN-11535,TIER_2,INDEPENDENT_HOUSE,1100,1200,1350,1.0,UPI,3,1500
DN-11536,TIER_2,INDEPENDENT_HOUSE,1100,0,1150,0.4,UPI,4,1000
DN-11537,TIER_1,APARTMENT_FLAT,1800,2050,2250,1.0,UPI,1,2550
DN-11538,TIER_3,INDEPENDENT_HOUSE,750,850,950,0.9,CASH,2,1000
DN-11539,TIER_2,INDEPENDENT_HOUSE,1450,1550,1750,1.0,UPI,3,1950
DN-11540,TIER_2,CLINIC_PROFESSIONAL,1950,2050,2350,1.0,CASH,2,2650
DN-11541,TIER_2,COMMERCIAL_SHOP,950,1050,1150,0.7,CASH,2,1150
DN-11542,TIER_1,CLINIC_PROFESSIONAL,3700,4150,4600,1.0,CASH,1,4900
DN-11543,TIER_1,APARTMENT_FLAT,2850,3000,3400,1.0,UPI,2,3600
DN-11544,TIER_2,INDEPENDENT_HOUSE,1950,2150,2450,1.0,CASH,4,2550
DN-11545,TIER_1,APARTMENT_FLAT,2650,2900,0,0.9,UPI,3,3100
DN-11546,TIER_2,INDEPENDENT_HOUSE,950,1050,1100,1.0,UPI,4,1200
DN-11547,TIER_3,INDEPENDENT_HOUSE,1100,1200,1300,1.0,CASH,2,1400
DN-11548,TIER_1,COMMERCIAL_SHOP,2800,3100,3500,1.0,UPI,4,3650
DN-11549,TIER_1,APARTMENT_FLAT,1850,1950,2050,1.0,CASH,2,2200
DN-11550,TIER_1,INDEPENDENT_HOUSE,3400,3850,4250,1.0,UPI,4,4500
DN-11551,TIER_3,APARTMENT_FLAT,550,600,650,0.9,CASH,1,750
DN-11552,TIER_2,APARTMENT_FLAT,2050,2300,2450,1.0,UPI,4,2600
DN-11553,TIER_3,APARTMENT_FLAT,750,800,850,1.0,CASH,4,950
DN-11554,TIER_2,APARTMENT_FLAT,1150,1300,1400,0.9,UPI,2,1550
DN-11555,TIER_2,INDEPENDENT_HOUSE,1750,1950,2200,1.0,UPI,2,2400
DN-11556,TIER_2,INDEPENDENT_HOUSE,2100,2300,2600,1.0,UPI,3,2750
DN-11557,TIER_1,APARTMENT_FLAT,2100,0,0,0.7,UPI,2,2100
DN-11558,TIER_2,INDEPENDENT_HOUSE,1950,2050,2150,0.9,CASH,1,2400
DN-11559,TIER_3,APARTMENT_FLAT,800,850,900,1.0,CASH,2,950
DN-11560,TIER_2,APARTMENT_FLAT,1750,1950,2150,0.9,UPI,3,2350
DN-11561,TIER_2,INDEPENDENT_HOUSE,2650,3000,3450,1.0,CASH,4,3650
DN-11562,TIER_2,APARTMENT_FLAT,2100,2250,2400,1.0,UPI,2,2750
DN-11563,TIER_2,INDEPENDENT_HOUSE,1900,2150,2450,1.0,CASH,2,2600
DN-11564,TIER_1,APARTMENT_FLAT,1400,0,1600,0.9,UPI,2,1800
DN-11565,TIER_2,INDEPENDENT_HOUSE,0,0,0,0.4,CASH,4,1850
DN-11566,TIER_2,CLINIC_PROFESSIONAL,2700,3050,3250,1.0,UPI,1,3650
DN-11567,TIER_2,INDEPENDENT_HOUSE,1200,1350,1500,1.0,CASH,2,1600
DN-11568,TIER_2,APARTMENT_FLAT,1450,1550,1750,1.0,UPI,1,1950
DN-11569,TIER_2,INDEPENDENT_HOUSE,4350,0,4600,0.7,CASH,4,4800
DN-11570,TIER_1,APARTMENT_FLAT,1750,1950,2200,1.0,UPI,4,2400
DN-11571,TIER_1,INDEPENDENT_HOUSE,2500,2800,3050,1.0,UPI,3,3450
DN-11572,TIER_1,COMMERCIAL_SHOP,0,0,4800,0.7,CASH,4,5050
DN-11573,TIER_2,COMMERCIAL_SHOP,1650,1750,1900,1.0,UPI,4,2050
DN-11574,TIER_2,INDEPENDENT_HOUSE,2150,2300,2500,0.7,CASH,3,2500
DN-11575,TIER_2,INDEPENDENT_HOUSE,3300,3750,4000,1.0,UPI,4,4500
DN-11576,TIER_2,APARTMENT_FLAT,800,900,1000,1.0,UPI,2,1100
DN-11577,TIER_2,INDEPENDENT_HOUSE,1150,1300,1500,0.9,UPI,2,1700
DN-11578,TIER_3,COMMERCIAL_SHOP,900,1000,1100,1.0,UPI,3,1250
DN-11579,TIER_1,APARTMENT_FLAT,1400,1550,1750,1.0,UPI,4,1850
DN-11580,TIER_2,APARTMENT_FLAT,750,800,900,0.9,CASH,2,1000
DN-11581,TIER_2,APARTMENT_FLAT,1350,0,1450,0.7,CASH,4,1450
DN-11582,TIER_2,CLINIC_PROFESSIONAL,2250,2500,2650,0.9,UPI,3,2900
DN-11583,TIER_2,CLINIC_PROFESSIONAL,5250,5550,6400,1.0,CASH,4,6800
DN-11584,TIER_3,APARTMENT_FLAT,700,800,900,0.9,UPI,1,1000
DN-11585,TIER_2,APARTMENT_FLAT,3200,3550,4000,1.0,CASH,2,4300
DN-11586,TIER_3,APARTMENT_FLAT,700,750,800,0.9,CASH,2,850
DN-11587,TIER_1,COMMERCIAL_SHOP,3300,3750,3950,1.0,UPI,2,4150
DN-11588,TIER_2,APARTMENT_FLAT,2200,2300,2500,1.0,CASH,4,2850
DN-11589,TIER_1,APARTMENT_FLAT,5250,5950,6700,1.0,CASH,3,7000
DN-11590,TIER_2,INDEPENDENT_HOUSE,1050,1150,1300,0.9,UPI,2,1450
DN-11591,TIER_1,INDEPENDENT_HOUSE,2700,2900,3300,0.9,UPI,2,3400
DN-11592,TIER_1,APARTMENT_FLAT,3750,4100,4700,1.0,UPI,2,5000
DN-11593,TIER_1,INDEPENDENT_HOUSE,1200,0,0,0.7,UPI,3,1200
DN-11594,TIER_1,COMMERCIAL_SHOP,3850,4150,4550,1.0,UPI,4,4750
DN-11595,TIER_3,APARTMENT_FLAT,1050,1150,1300,0.9,CASH,4,1350
DN-11596,TIER_2,APARTMENT_FLAT,1100,0,1150,0.9,UPI,4,1250
DN-11597,TIER_3,APARTMENT_FLAT,750,800,900,1.0,CASH,2,950
DN-11598,TIER_1,APARTMENT_FLAT,3650,4150,4600,1.0,UPI,2,4850
DN-11599,TIER_2,CLINIC_PROFESSIONAL,0,6800,0,0.7,CASH,2,6950
DN-11600,TIER_1,APARTMENT_FLAT,950,1000,1050,1.0,UPI,2,1100
DN-11601,TIER_1,COMMERCIAL_SHOP,5250,5550,5950,0.9,CHEQUE,3,6800
DN-11602,TIER_1,INDEPENDENT_HOUSE,4500,5050,5800,0.9,CASH,2,6400
DN-11603,TIER_3,COMMERCIAL_SHOP,1450,1550,1700,0.9,UPI,4,1900
DN-11604,TIER_2,INDEPENDENT_HOUSE,1300,1450,1550,1.0,UPI,2,1700
DN-11605,TIER_1,INDEPENDENT_HOUSE,2400,2600,2950,1.0,UPI,4,3150
DN-11606,TIER_2,COMMERCIAL_SHOP,0,0,1000,0.9,UPI,1,1100
DN-11607,TIER_1,APARTMENT_FLAT,1400,1450,1600,1.0,CASH,2,1800
DN-11608,TIER_3,INDEPENDENT_HOUSE,950,1000,1100,1.0,CASH,3,1150
DN-11609,TIER_2,INDEPENDENT_HOUSE,6150,6650,7500,1.0,UPI,2,7800
DN-11610,TIER_3,APARTMENT_FLAT,400,400,450,1.0,CASH,2,500
DN-11611,TIER_2,INDEPENDENT_HOUSE,1300,1400,1500,1.0,CASH,3,1700
DN-11612,TIER_2,INDEPENDENT_HOUSE,2100,2350,2600,1.0,UPI,4,2900
DN-11613,TIER_2,INDEPENDENT_HOUSE,1550,1600,1750,1.0,UPI,1,1900
DN-11614,TIER_2,COMMERCIAL_SHOP,1750,1850,2100,1.0,UPI,3,2300
DN-11615,TIER_1,INDEPENDENT_HOUSE,7350,7900,8700,1.0,CASH,4,9250
DN-11616,TIER_1,INDEPENDENT_HOUSE,1550,1750,1900,1.0,CASH,2,2100
DN-11617,TIER_2,APARTMENT_FLAT,1200,1300,1400,1.0,CASH,4,1550
DN-11618,TIER_1,INDEPENDENT_HOUSE,3200,3400,3750,1.0,UPI,3,3900
DN-11619,TIER_2,APARTMENT_FLAT,0,0,3300,0.4,CASH,4,2850
DN-11620,TIER_1,COMMERCIAL_SHOP,0,6150,0,0.4,UPI,1,5150
DN-11621,TIER_1,APARTMENT_FLAT,1300,1400,1500,1.0,CASH,2,1700
DN-11622,TIER_1,APARTMENT_FLAT,1500,1600,1850,1.0,UPI,2,2000
DN-11623,TIER_3,COMMERCIAL_SHOP,950,1050,1200,1.0,CASH,3,1350
DN-11624,TIER_3,INDEPENDENT_HOUSE,850,950,1050,0.9,CASH,3,1100
DN-11625,TIER_3,COMMERCIAL_SHOP,1600,1800,1950,1.0,CASH,2,2200
DN-11626,TIER_1,APARTMENT_FLAT,2450,2600,2900,1.0,UPI,1,3300
DN-11627,TIER_3,INDEPENDENT_HOUSE,800,850,950,1.0,CASH,2,1050
DN-11628,TIER_1,INDEPENDENT_HOUSE,2850,3000,3250,1.0,CASH,2,3450
DN-11629,TIER_1,INDEPENDENT_HOUSE,2300,2500,2800,1.0,CASH,4,2950
DN-11630,TIER_1,APARTMENT_FLAT,2000,2250,2450,1.0,UPI,4,2750
DN-11631,TIER_2,APARTMENT_FLAT,700,750,850,1.0,UPI,2,900
DN-11632,TIER_1,APARTMENT_FLAT,1650,0,1750,0.7,CASH,1,1800
DN-11633,TIER_1,CLINIC_PROFESSIONAL,3800,4300,4850,0.9,UPI,4,5050
DN-11634,TIER_2,INDEPENDENT_HOUSE,2350,2500,2850,1.0,CASH,2,3000
DN-11635,TIER_2,CLINIC_PROFESSIONAL,2850,3250,3600,1.0,CASH,2,3900
DN-11636,TIER_3,APARTMENT_FLAT,800,900,1000,0.7,CASH,3,950
DN-11637,TIER_1,INDEPENDENT_HOUSE,4750,5300,5700,1.0,UPI,4,6300
DN-11638,TIER_1,INDEPENDENT_HOUSE,2150,2400,2700,1.0,UPI,3,3100
DN-11639,TIER_1,INDEPENDENT_HOUSE,0,5650,0,0.7,CASH,4,5750
DN-11640,TIER_3,APARTMENT_FLAT,750,800,850,0.7,UPI,1,900
DN-11641,TIER_2,INDEPENDENT_HOUSE,3200,3600,0,0.4,UPI,2,2950
DN-11642,TIER_2,INDEPENDENT_HOUSE,1550,1750,1900,1.0,UPI,1,2150
DN-11643,TIER_3,APARTMENT_FLAT,700,800,850,1.0,CASH,2,950
DN-11644,TIER_2,INDEPENDENT_HOUSE,1900,2050,2150,0.9,CASH,3,2450
DN-11645,TIER_2,INDEPENDENT_HOUSE,450,500,550,1.0,UPI,4,600
DN-11646,TIER_2,APARTMENT_FLAT,1350,1400,1500,0.9,CASH,2,1650
DN-11647,TIER_2,APARTMENT_FLAT,1350,1450,1650,1.0,UPI,4,1800
DN-11648,TIER_2,APARTMENT_FLAT,2150,2250,2400,1.0,CASH,4,2550
DN-11649,TIER_3,CLINIC_PROFESSIONAL,600,650,750,0.9,CASH,4,850
DN-11650,TIER_2,APARTMENT_FLAT,1100,1150,1300,1.0,UPI,2,1400
DN-11651,TIER_2,CLINIC_PROFESSIONAL,1500,1650,1900,1.0,CASH,1,2150
DN-11652,TIER_1,INDEPENDENT_HOUSE,4000,4450,5050,1.0,UPI,4,5350
DN-11653,TIER_3,APARTMENT_FLAT,600,650,750,1.0,CASH,4,800
DN-11654,TIER_2,APARTMENT_FLAT,1800,2000,2150,1.0,UPI,1,2250
DN-11655,TIER_3,INDEPENDENT_HOUSE,900,1000,1100,0.9,CASH,2,1150
DN-11656,TIER_2,APARTMENT_FLAT,1000,1050,1200,0.9,UPI,1,1300
DN-11657,TIER_1,APARTMENT_FLAT,1450,1500,1650,1.0,UPI,4,1800
DN-11658,TIER_2,INDEPENDENT_HOUSE,700,750,850,0.7,UPI,1,850
DN-11659,TIER_1,APARTMENT_FLAT,2550,2850,3000,1.0,UPI,2,3250
DN-11660,TIER_1,INDEPENDENT_HOUSE,6550,7000,7950,1.0,UPI,4,8700
DN-11661,TIER_3,INDEPENDENT_HOUSE,600,650,750,0.9,CASH,2,850
DN-11662,TIER_1,INDEPENDENT_HOUSE,3050,3400,3900,1.0,CASH,2,4050
DN-11663,TIER_2,INDEPENDENT_HOUSE,1800,1950,2200,0.9,CASH,2,2500
DN-11664,TIER_3,APARTMENT_FLAT,1000,1100,1250,1.0,CASH,1,1450
DN-11665,TIER_2,APARTMENT_FLAT,1750,1900,2150,1.0,UPI,3,2400
DN-11666,TIER_1,APARTMENT_FLAT,0,0,0,0.7,UPI,2,2550
DN-11667,TIER_1,INDEPENDENT_HOUSE,3850,4000,4500,0.9,CASH,3,4900
DN-11668,TIER_2,APARTMENT_FLAT,2800,3100,3300,1.0,CASH,4,3450
DN-11669,TIER_1,APARTMENT_FLAT,2050,2250,2500,0.7,UPI,3,2650
DN-11670,TIER_1,APARTMENT_FLAT,2200,2350,2500,1.0,CASH,3,2600
DN-11671,TIER_1,APARTMENT_FLAT,1600,1800,2050,0.9,CASH,2,2250
DN-11672,TIER_2,COMMERCIAL_SHOP,3650,4150,4450,1.0,CASH,1,4950
DN-11673,TIER_2,APARTMENT_FLAT,750,850,900,1.0,CASH,2,950
DN-11674,TIER_3,APARTMENT_FLAT,600,0,650,0.9,UPI,3,750
DN-11675,TIER_2,APARTMENT_FLAT,1050,1150,1300,1.0,CASH,4,1350
DN-11676,TIER_1,APARTMENT_FLAT,4350,4600,4950,1.0,UPI,3,5400
DN-11677,TIER_1,INDEPENDENT_HOUSE,3950,4200,4450,1.0,UPI,4,4900
DN-11678,TIER_1,COMMERCIAL_SHOP,4350,4750,5400,0.9,CASH,1,6050
DN-11679,TIER_2,APARTMENT_FLAT,850,0,900,0.7,CASH,2,900
DN-11680,TIER_2,INDEPENDENT_HOUSE,800,850,950,1.0,CASH,3,1000
DN-11681,TIER_2,APARTMENT_FLAT,1100,1250,1350,1.0,UPI,3,1500
DN-11682,TIER_1,INDEPENDENT_HOUSE,4550,4750,0,0.7,UPI,1,4950
DN-11683,TIER_2,APARTMENT_FLAT,3000,3250,3500,1.0,UPI,4,3750
DN-11684,TIER_2,INDEPENDENT_HOUSE,0,2600,0,0.7,CASH,1,2750
DN-11685,TIER_1,APARTMENT_FLAT,2700,3000,3350,1.0,UPI,3,3650
DN-11686,TIER_2,APARTMENT_FLAT,1800,1950,2150,1.0,CASH,2,2250
DN-11687,TIER_3,APARTMENT_FLAT,0,0,700,0.7,UPI,2,700
DN-11688,TIER_2,APARTMENT_FLAT,1500,1650,1750,1.0,UPI,3,1850
DN-11689,TIER_3,APARTMENT_FLAT,950,1050,1150,1.0,CASH,2,1200
DN-11690,TIER_1,APARTMENT_FLAT,3500,3800,4350,1.0,CASH,3,4900
DN-11691,TIER_2,APARTMENT_FLAT,1450,1550,1700,0.9,UPI,4,1950
DN-11692,TIER_1,INDEPENDENT_HOUSE,3450,3800,4300,1.0,UPI,2,4900
DN-11693,TIER_2,INDEPENDENT_HOUSE,2000,2200,2350,1.0,CASH,2,2450
DN-11694,TIER_2,APARTMENT_FLAT,0,0,2200,0.9,UPI,2,2500
DN-11695,TIER_3,APARTMENT_FLAT,1050,1100,1200,1.0,CASH,3,1350
DN-11696,TIER_2,CLINIC_PROFESSIONAL,0,11900,0,0.9,UPI,2,13400
DN-11697,TIER_1,APARTMENT_FLAT,2450,2800,3200,1.0,UPI,3,3600
DN-11698,TIER_2,APARTMENT_FLAT,3100,3350,3550,1.0,UPI,2,3750
DN-11699,TIER_1,APARTMENT_FLAT,4250,4750,5050,1.0,UPI,2,5500
DN-11700,TIER_2,INDEPENDENT_HOUSE,1100,1200,1350,0.9,CASH,2,1500
DN-11701,TIER_3,INDEPENDENT_HOUSE,750,850,1000,1.0,CASH,2,1050
DN-11702,TIER_3,APARTMENT_FLAT,700,750,850,0.9,CASH,1,950
DN-11703,TIER_1,APARTMENT_FLAT,3150,3350,3550,1.0,UPI,4,3800
DN-11704,TIER_2,APARTMENT_FLAT,900,950,1050,1.0,UPI,2,1100
DN-11705,TIER_1,APARTMENT_FLAT,1750,1900,2050,1.0,UPI,1,2200
DN-11706,TIER_1,APARTMENT_FLAT,1800,1950,2150,1.0,UPI,3,2350
DN-11707,TIER_1,APARTMENT_FLAT,2300,2400,2700,1.0,CASH,1,3050
DN-11708,TIER_2,INDEPENDENT_HOUSE,1650,1800,2050,1.0,CASH,2,2300
DN-11709,TIER_3,INDEPENDENT_HOUSE,750,800,850,1.0,UPI,4,900
DN-11710,TIER_2,INDEPENDENT_HOUSE,3200,3350,3550,0.7,CASH,2,3800
DN-11711,TIER_1,INDEPENDENT_HOUSE,2750,3050,3450,1.0,UPI,4,3650
DN-11712,TIER_1,INDEPENDENT_HOUSE,4050,4550,5100,1.0,UPI,3,5750
DN-11713,TIER_2,APARTMENT_FLAT,1700,1800,2050,1.0,UPI,3,2250
DN-11714,TIER_2,INDEPENDENT_HOUSE,1850,2050,2350,1.0,UPI,4,2600
DN-11715,TIER_2,APARTMENT_FLAT,650,700,800,1.0,CASH,4,900
DN-11716,TIER_3,INDEPENDENT_HOUSE,1150,1250,1350,1.0,UPI,2,1500
DN-11717,TIER_1,APARTMENT_FLAT,1450,1650,1850,1.0,UPI,2,2000
DN-11718,TIER_1,APARTMENT_FLAT,2050,2300,2450,1.0,UPI,3,2800
DN-11719,TIER_2,APARTMENT_FLAT,650,750,800,1.0,UPI,2,900
DN-11720,TIER_1,INDEPENDENT_HOUSE,2350,2550,2850,1.0,UPI,4,3150
DN-11721,TIER_2,APARTMENT_FLAT,1000,1050,1150,0.9,CASH,4,1300
DN-11722,TIER_2,APARTMENT_FLAT,1750,1950,2200,1.0,CASH,3,2450
DN-11723,TIER_3,COMMERCIAL_SHOP,1550,1650,1750,1.0,UPI,4,1950
DN-11724,TIER_2,APARTMENT_FLAT,1150,1250,1400,1.0,UPI,2,1500
DN-11725,TIER_2,APARTMENT_FLAT,1700,1800,2050,0.9,UPI,1,2300
DN-11726,TIER_3,INDEPENDENT_HOUSE,650,700,750,1.0,CASH,4,800
DN-11727,TIER_1,INDEPENDENT_HOUSE,1950,2050,2200,1.0,UPI,1,2450
DN-11728,TIER_2,INDEPENDENT_HOUSE,2100,2300,2550,1.0,CASH,4,2650
DN-11729,TIER_2,APARTMENT_FLAT,1850,2050,2350,1.0,CASH,2,2550
DN-11730,TIER_2,APARTMENT_FLAT,1350,1500,1650,1.0,CASH,1,1800
DN-11731,TIER_2,APARTMENT_FLAT,1300,1400,1600,1.0,CASH,2,1800
DN-11732,TIER_1,INDEPENDENT_HOUSE,3200,3650,4150,1.0,CASH,3,4700
DN-11733,TIER_1,APARTMENT_FLAT,2950,3100,3500,1.0,UPI,1,3900
DN-11734,TIER_3,APARTMENT_FLAT,300,300,350,1.0,CASH,3,350
DN-11735,TIER_3,INDEPENDENT_HOUSE,1250,0,1350,0.7,CASH,4,1300
DN-11736,TIER_2,INDEPENDENT_HOUSE,3350,3700,4000,1.0,UPI,1,4300
DN-11737,TIER_1,INDEPENDENT_HOUSE,2250,2450,2650,0.7,UPI,2,2650
DN-11738,TIER_1,CLINIC_PROFESSIONAL,4300,4600,4850,0.9,CASH,4,5350
DN-11739,TIER_1,APARTMENT_FLAT,4350,4950,5700,0.7,UPI,2,5600
DN-11740,TIER_2,APARTMENT_FLAT,1100,1250,1400,1.0,CASH,2,1450
DN-11741,TIER_2,INDEPENDENT_HOUSE,1150,1250,1450,1.0,UPI,3,1550
DN-11742,TIER_2,CLINIC_PROFESSIONAL,1650,1850,2050,1.0,CASH,2,2250
DN-11743,TIER_3,COMMERCIAL_SHOP,1400,1500,1600,1.0,CASH,2,1700
DN-11744,TIER_1,INDEPENDENT_HOUSE,3500,3700,4100,1.0,UPI,1,4250
DN-11745,TIER_1,APARTMENT_FLAT,2750,3050,3500,1.0,UPI,2,3650
DN-11746,TIER_1,CLINIC_PROFESSIONAL,9550,9950,10750,1.0,UPI,2,12250
DN-11747,TIER_3,APARTMENT_FLAT,550,600,650,1.0,CASH,2,700
DN-11748,TIER_1,INDEPENDENT_HOUSE,2400,0,2650,0.9,UPI,2,2900
DN-11749,TIER_2,INDEPENDENT_HOUSE,4050,4350,4800,1.0,CASH,2,5500
DN-11750,TIER_2,APARTMENT_FLAT,1800,1900,2050,1.0,CASH,2,2150
DN-11751,TIER_2,CLINIC_PROFESSIONAL,0,2850,0,0.7,CASH,1,2950
DN-11752,TIER_3,APARTMENT_FLAT,400,450,500,0.9,UPI,3,550
DN-11753,TIER_1,APARTMENT_FLAT,2800,2950,3350,1.0,UPI,2,3650
DN-11754,TIER_2,APARTMENT_FLAT,1750,1950,2200,1.0,UPI,3,2350
DN-11755,TIER_3,INDEPENDENT_HOUSE,1300,1400,1500,0.9,UPI,1,1650
DN-11756,TIER_1,APARTMENT_FLAT,3000,3200,3500,1.0,CASH,2,3650
DN-11757,TIER_3,APARTMENT_FLAT,800,850,900,1.0,UPI,4,1000
DN-11758,TIER_1,INDEPENDENT_HOUSE,3050,3200,3650,1.0,UPI,4,3950
DN-11759,TIER_2,APARTMENT_FLAT,1600,1700,1850,1.0,CASH,2,2100
DN-11760,TIER_2,APARTMENT_FLAT,2200,2500,2800,1.0,CASH,2,2950
DN-11761,TIER_2,APARTMENT_FLAT,1000,1100,1150,0.9,CASH,4,1200
DN-11762,TIER_1,APARTMENT_FLAT,2850,3100,3300,1.0,UPI,2,3650
DN-11763,TIER_2,INDEPENDENT_HOUSE,2150,2350,0,0.9,CASH,2,2450
DN-11764,TIER_2,CLINIC_PROFESSIONAL,0,0,0,0.4,CASH,2,2350
DN-11765,TIER_2,INDEPENDENT_HOUSE,2600,2950,3300,1.0,CASH,3,3450
DN-11766,TIER_3,APARTMENT_FLAT,500,550,600,1.0,UPI,2,650
DN-11767,TIER_2,INDEPENDENT_HOUSE,2500,2650,2900,0.9,CASH,3,3150
DN-11768,TIER_2,APARTMENT_FLAT,1000,1100,1150,1.0,CASH,4,1250
DN-11769,TIER_2,INDEPENDENT_HOUSE,2450,2600,2950,1.0,UPI,2,3300
DN-11770,TIER_2,APARTMENT_FLAT,1650,1750,1950,1.0,UPI,2,2150
DN-11771,TIER_3,APARTMENT_FLAT,650,750,800,1.0,UPI,2,900
DN-11772,TIER_3,INDEPENDENT_HOUSE,1900,2100,2250,0.9,CASH,2,2400
DN-11773,TIER_1,INDEPENDENT_HOUSE,5400,6050,6950,1.0,UPI,3,7500
DN-11774,TIER_2,CLINIC_PROFESSIONAL,1950,2150,2450,1.0,UPI,2,2650
DN-11775,TIER_1,CLINIC_PROFESSIONAL,5700,6450,6850,1.0,CASH,3,7650
DN-11776,TIER_3,APARTMENT_FLAT,1250,1350,1450,0.9,UPI,1,1500
DN-11777,TIER_1,COMMERCIAL_SHOP,0,13000,14300,0.9,UPI,1,16150
DN-11778,TIER_1,APARTMENT_FLAT,1200,1350,1400,0.7,UPI,2,1450
DN-11779,TIER_1,APARTMENT_FLAT,0,0,2750,0.9,UPI,2,3050
DN-11780,TIER_2,COMMERCIAL_SHOP,2200,2400,2600,1.0,UPI,4,2750
DN-11781,TIER_2,INDEPENDENT_HOUSE,1450,1650,1900,1.0,CASH,2,2050
DN-11782,TIER_1,COMMERCIAL_SHOP,4450,4950,5650,1.0,UPI,4,6450
DN-11783,TIER_2,APARTMENT_FLAT,550,600,650,0.9,UPI,4,700
DN-11784,TIER_1,APARTMENT_FLAT,1600,1700,1950,1.0,CASH,1,2100
DN-11785,TIER_1,COMMERCIAL_SHOP,5650,6300,7000,1.0,UPI,4,7300
DN-11786,TIER_2,APARTMENT_FLAT,1350,1450,1600,1.0,CASH,2,1700
DN-11787,TIER_1,APARTMENT_FLAT,1050,1150,1250,1.0,UPI,3,1300
DN-11788,TIER_2,APARTMENT_FLAT,1300,1450,1650,0.9,CASH,4,1800
DN-11789,TIER_2,APARTMENT_FLAT,1600,1700,0,0.9,UPI,3,1900
DN-11790,TIER_1,APARTMENT_FLAT,1100,1150,1250,1.0,UPI,1,1350
DN-11791,TIER_1,CLINIC_PROFESSIONAL,4050,4450,4850,1.0,UPI,2,5200
DN-11792,TIER_3,CLINIC_PROFESSIONAL,600,650,750,0.9,CASH,2,800
DN-11793,TIER_2,INDEPENDENT_HOUSE,1500,1700,1800,1.0,CASH,3,1900
DN-11794,TIER_1,APARTMENT_FLAT,1300,1450,1550,1.0,CASH,1,1650
DN-11795,TIER_3,INDEPENDENT_HOUSE,1450,1650,1750,1.0,CASH,2,1900
DN-11796,TIER_2,APARTMENT_FLAT,1950,2050,2200,1.0,UPI,3,2450
DN-11797,TIER_2,COMMERCIAL_SHOP,3550,3700,4200,1.0,CASH,2,4450
DN-11798,TIER_2,COMMERCIAL_SHOP,3900,4250,4800,0.9,CASH,4,5450
DN-11799,TIER_2,APARTMENT_FLAT,1300,1400,1500,1.0,CASH,2,1600
DN-11800,TIER_1,APARTMENT_FLAT,4700,4950,5550,1.0,UPI,4,6200
DN-11801,TIER_1,APARTMENT_FLAT,2300,2600,2850,1.0,UPI,2,3050
DN-11802,TIER_2,APARTMENT_FLAT,1050,1150,1250,1.0,CASH,4,1300
DN-11803,TIER_1,APARTMENT_FLAT,4850,5500,6250,1.0,CASH,4,6700
DN-11804,TIER_2,INDEPENDENT_HOUSE,1550,1750,2000,1.0,CASH,3,2300
DN-11805,TIER_3,APARTMENT_FLAT,850,950,1000,1.0,CASH,4,1050
DN-11806,TIER_1,APARTMENT_FLAT,1600,1700,1800,1.0,CASH,4,1900
DN-11807,TIER_2,INDEPENDENT_HOUSE,4400,4850,5250,1.0,UPI,1,5500
DN-11808,TIER_2,APARTMENT_FLAT,1200,1350,0,0.9,UPI,2,1500
DN-11809,TIER_3,INDEPENDENT_HOUSE,400,450,500,1.0,CASH,2,550
DN-11810,TIER_3,APARTMENT_FLAT,1350,1450,0,0.4,CASH,4,1250
DN-11811,TIER_2,INDEPENDENT_HOUSE,2200,2350,2500,1.0,CASH,1,2800
DN-11812,TIER_1,INDEPENDENT_HOUSE,2350,2550,2750,1.0,UPI,2,2850
DN-11813,TIER_3,INDEPENDENT_HOUSE,0,800,0,0.4,CASH,1,700
DN-11814,TIER_3,APARTMENT_FLAT,1200,1350,1450,1.0,CASH,2,1650
DN-11815,TIER_2,APARTMENT_FLAT,1100,1150,1250,1.0,CASH,2,1350
DN-11816,TIER_2,INDEPENDENT_HOUSE,800,900,1000,0.9,UPI,2,1100
DN-11817,TIER_2,APARTMENT_FLAT,950,1000,1050,1.0,UPI,2,1200
DN-11818,TIER_1,COMMERCIAL_SHOP,1950,2100,2300,1.0,UPI,3,2450
DN-11819,TIER_2,INDEPENDENT_HOUSE,1100,1200,1350,1.0,CASH,1,1450
DN-11820,TIER_3,COMMERCIAL_SHOP,1050,1150,1300,1.0,UPI,2,1500
DN-11821,TIER_3,APARTMENT_FLAT,1450,1650,1750,1.0,CASH,4,1800
DN-11822,TIER_1,INDEPENDENT_HOUSE,3200,3500,3750,0.7,UPI,2,3700
DN-11823,TIER_1,INDEPENDENT_HOUSE,2200,2350,2600,0.7,UPI,1,2700
DN-11824,TIER_2,APARTMENT_FLAT,600,650,700,1.0,CASH,2,800
DN-11825,TIER_1,INDEPENDENT_HOUSE,10650,11200,12400,1.0,UPI,2,13450
DN-11826,TIER_3,APARTMENT_FLAT,500,550,0,0.9,CASH,3,600
DN-11827,TIER_1,APARTMENT_FLAT,5100,5450,5850,1.0,CASH,4,6500
DN-11828,TIER_3,APARTMENT_FLAT,350,400,450,1.0,CASH,3,500
DN-11829,TIER_2,COMMERCIAL_SHOP,4550,4950,5200,0.9,CASH,3,5600
DN-11830,TIER_1,APARTMENT_FLAT,1950,2050,2200,0.9,UPI,3,2500
DN-11831,TIER_3,APARTMENT_FLAT,550,0,600,0.7,CASH,4,600
DN-11832,TIER_1,APARTMENT_FLAT,2550,2850,3200,1.0,UPI,3,3650
DN-11833,TIER_3,COMMERCIAL_SHOP,1350,1500,1600,1.0,CASH,4,1700
DN-11834,TIER_3,INDEPENDENT_HOUSE,1450,1550,1700,0.9,CASH,3,1800
DN-11835,TIER_2,APARTMENT_FLAT,1600,1750,1900,0.9,UPI,1,2100
DN-11836,TIER_1,INDEPENDENT_HOUSE,2900,0,0,0.4,UPI,3,2450
DN-11837,TIER_3,COMMERCIAL_SHOP,1450,1600,1800,1.0,CASH,3,1900
DN-11838,TIER_3,APARTMENT_FLAT,900,1000,1100,1.0,CASH,1,1200
DN-11839,TIER_3,APARTMENT_FLAT,400,450,500,1.0,CASH,3,550
DN-11840,TIER_2,APARTMENT_FLAT,1300,1400,1550,1.0,CASH,2,1700
DN-11841,TIER_1,APARTMENT_FLAT,900,950,1000,1.0,UPI,1,1050
DN-11842,TIER_2,APARTMENT_FLAT,2200,2500,2800,0.9,CASH,1,3100
DN-11843,TIER_3,CLINIC_PROFESSIONAL,1400,1550,1700,1.0,CASH,2,1900
DN-11844,TIER_1,APARTMENT_FLAT,2650,2950,3150,1.0,UPI,3,3550
DN-11845,TIER_2,INDEPENDENT_HOUSE,1200,1350,1450,1.0,UPI,2,1650
DN-11846,TIER_2,INDEPENDENT_HOUSE,2400,2550,0,0.7,CASH,2,2650
DN-11847,TIER_1,INDEPENDENT_HOUSE,2600,2800,3050,1.0,UPI,2,3300
DN-11848,TIER_2,COMMERCIAL_SHOP,3700,3900,4300,0.9,UPI,2,4850
DN-11849,TIER_2,APARTMENT_FLAT,2450,2700,2950,1.0,UPI,4,3150
DN-11850,TIER_2,COMMERCIAL_SHOP,4950,5250,5850,1.0,CASH,4,6400
DN-11851,TIER_2,COMMERCIAL_SHOP,3750,4100,4500,0.9,UPI,1,4800
DN-11852,TIER_1,APARTMENT_FLAT,2300,2400,2550,1.0,CASH,1,2650
DN-11853,TIER_3,COMMERCIAL_SHOP,900,950,1000,0.9,UPI,2,1100
DN-11854,TIER_1,INDEPENDENT_HOUSE,1650,1750,2000,1.0,CASH,3,2250
DN-11855,TIER_1,COMMERCIAL_SHOP,3800,4300,4600,1.0,UPI,4,4750
DN-11856,TIER_2,APARTMENT_FLAT,800,900,1050,1.0,CASH,2,1150
DN-11857,TIER_2,COMMERCIAL_SHOP,2650,2800,2950,1.0,UPI,4,3300
DN-11858,TIER_2,APARTMENT_FLAT,1650,1800,2050,1.0,CASH,2,2250
DN-11859,TIER_2,APARTMENT_FLAT,1050,1150,1250,0.9,UPI,3,1300
DN-11860,TIER_2,APARTMENT_FLAT,1550,1650,0,0.7,CASH,1,1750
DN-11861,TIER_1,INDEPENDENT_HOUSE,0,2050,2150,0.9,UPI,3,2300
DN-11862,TIER_1,APARTMENT_FLAT,2500,0,2700,0.4,UPI,2,2200
DN-11863,TIER_1,INDEPENDENT_HOUSE,3300,3750,3950,1.0,UPI,4,4250
DN-11864,TIER_3,APARTMENT_FLAT,450,450,500,1.0,CASH,2,550
DN-11865,TIER_2,INDEPENDENT_HOUSE,1950,2200,2450,1.0,CASH,3,2800
DN-11866,TIER_1,INDEPENDENT_HOUSE,8200,8600,9150,1.0,UPI,4,9950
DN-11867,TIER_1,INDEPENDENT_HOUSE,5000,5550,6100,1.0,CASH,4,6800
DN-11868,TIER_2,COMMERCIAL_SHOP,1550,1750,1850,1.0,UPI,2,2100
DN-11869,TIER_3,APARTMENT_FLAT,800,900,0,0.9,CASH,2,1000
DN-11870,TIER_2,INDEPENDENT_HOUSE,2850,3050,3450,1.0,CASH,4,3800
DN-11871,TIER_2,APARTMENT_FLAT,1450,1600,1750,1.0,CASH,2,1900
DN-11872,TIER_2,INDEPENDENT_HOUSE,2400,2650,2900,1.0,CASH,1,3150
DN-11873,TIER_3,INDEPENDENT_HOUSE,2200,2450,2750,1.0,CASH,4,3050
DN-11874,TIER_2,INDEPENDENT_HOUSE,1400,1500,1650,1.0,CASH,2,1800
DN-11875,TIER_3,INDEPENDENT_HOUSE,950,1000,1100,1.0,CASH,4,1150
DN-11876,TIER_3,INDEPENDENT_HOUSE,950,1000,0,0.7,CASH,3,1050
DN-11877,TIER_3,INDEPENDENT_HOUSE,300,300,350,1.0,UPI,2,350
DN-11878,TIER_2,APARTMENT_FLAT,1350,1450,0,0.9,UPI,2,1600
DN-11879,TIER_2,APARTMENT_FLAT,1300,1450,1600,1.0,UPI,3,1700
DN-11880,TIER_2,COMMERCIAL_SHOP,1500,1600,0,0.7,CASH,3,1600
DN-11881,TIER_2,INDEPENDENT_HOUSE,5500,5800,6200,0.9,UPI,2,7000
DN-11882,TIER_1,APARTMENT_FLAT,4350,4600,4950,1.0,CASH,2,5400
DN-11883,TIER_1,INDEPENDENT_HOUSE,1900,2150,2400,0.9,UPI,2,2700
DN-11884,TIER_1,APARTMENT_FLAT,1650,1800,0,0.7,UPI,4,1800
DN-11885,TIER_3,INDEPENDENT_HOUSE,1250,1300,1350,1.0,CASH,2,1450
DN-11886,TIER_3,APARTMENT_FLAT,450,0,450,0.9,UPI,4,500
DN-11887,TIER_1,APARTMENT_FLAT,1700,1850,2000,1.0,CASH,2,2200
DN-11888,TIER_2,INDEPENDENT_HOUSE,1650,1850,1950,1.0,CASH,2,2200
DN-11889,TIER_1,APARTMENT_FLAT,2250,2500,2650,1.0,CASH,2,2900
DN-11890,TIER_3,INDEPENDENT_HOUSE,0,0,0,0.4,CASH,2,750
DN-11891,TIER_3,INDEPENDENT_HOUSE,1050,1100,1150,1.0,UPI,1,1250
DN-11892,TIER_2,APARTMENT_FLAT,3600,3950,4500,1.0,CASH,3,4800
DN-11893,TIER_3,APARTMENT_FLAT,600,0,0,0.4,CASH,1,500
DN-11894,TIER_3,APARTMENT_FLAT,1500,1650,0,0.9,CASH,3,1800
DN-11895,TIER_2,APARTMENT_FLAT,1450,1550,1650,1.0,CASH,3,1700
DN-11896,TIER_2,INDEPENDENT_HOUSE,1950,2100,2350,1.0,CASH,2,2550
DN-11897,TIER_2,APARTMENT_FLAT,2350,2650,2900,1.0,CASH,2,3300
DN-11898,TIER_1,APARTMENT_FLAT,0,4100,0,0.7,CASH,1,4300
DN-11899,TIER_2,APARTMENT_FLAT,1400,1500,1700,1.0,CASH,4,1800
DN-11900,TIER_2,APARTMENT_FLAT,0,1450,0,0.7,UPI,2,1550
DN-11901,TIER_2,COMMERCIAL_SHOP,0,1600,0,0.4,CASH,2,1400
DN-11902,TIER_2,INDEPENDENT_HOUSE,0,2200,2350,0.7,CASH,2,2450
DN-11903,TIER_2,APARTMENT_FLAT,3200,3350,3850,1.0,CASH,3,4350
DN-11904,TIER_2,APARTMENT_FLAT,1350,1500,1600,1.0,UPI,2,1750
DN-11905,TIER_2,APARTMENT_FLAT,1150,1200,1300,1.0,UPI,1,1450
DN-11906,TIER_2,COMMERCIAL_SHOP,3700,4000,4350,1.0,CASH,3,4700
DN-11907,TIER_2,APARTMENT_FLAT,1150,1250,1350,1.0,CASH,2,1450
DN-11908,TIER_2,APARTMENT_FLAT,3100,3450,3950,0.9,CASH,3,4450
DN-11909,TIER_2,APARTMENT_FLAT,1100,1250,1350,1.0,UPI,2,1450
DN-11910,TIER_1,INDEPENDENT_HOUSE,3350,3500,3850,0.9,UPI,3,4000
DN-11911,TIER_2,APARTMENT_FLAT,650,700,800,1.0,CASH,2,850
DN-11912,TIER_3,COMMERCIAL_SHOP,0,0,0,0.4,UPI,2,1700
DN-11913,TIER_2,COMMERCIAL_SHOP,3150,3350,3750,1.0,CASH,4,4150
DN-11914,TIER_2,APARTMENT_FLAT,1100,1150,1300,1.0,UPI,2,1400
DN-11915,TIER_2,APARTMENT_FLAT,1850,2000,2150,1.0,CASH,3,2300
DN-11916,TIER_2,INDEPENDENT_HOUSE,1050,1150,1300,0.9,UPI,2,1350
DN-11917,TIER_2,INDEPENDENT_HOUSE,1200,1350,1550,1.0,CASH,2,1700
DN-11918,TIER_1,INDEPENDENT_HOUSE,7100,8000,8850,1.0,UPI,4,9600
DN-11919,TIER_1,INDEPENDENT_HOUSE,4300,4750,5000,1.0,CASH,2,5250
DN-11920,TIER_2,APARTMENT_FLAT,1600,1750,2000,1.0,CASH,2,2100
DN-11921,TIER_3,INDEPENDENT_HOUSE,1500,1600,0,0.9,CASH,2,1800
DN-11922,TIER_1,APARTMENT_FLAT,1350,1450,1600,1.0,CASH,1,1800
DN-11923,TIER_3,CLINIC_PROFESSIONAL,1000,1150,1250,1.0,CASH,2,1300
DN-11924,TIER_3,INDEPENDENT_HOUSE,1250,0,0,0.4,CASH,2,1000
DN-11925,TIER_3,INDEPENDENT_HOUSE,1900,2000,2300,1.0,CASH,1,2450
DN-11926,TIER_3,APARTMENT_FLAT,800,850,900,1.0,UPI,2,950
DN-11927,TIER_2,COMMERCIAL_SHOP,2500,2700,2950,0.4,UPI,1,2550
DN-11928,TIER_2,COMMERCIAL_SHOP,1450,1650,1850,1.0,UPI,2,2100
DN-11929,TIER_1,APARTMENT_FLAT,0,3800,0,0.4,CASH,3,3100
DN-11930,TIER_1,INDEPENDENT_HOUSE,1700,1850,2050,1.0,UPI,4,2150
DN-11931,TIER_2,INDEPENDENT_HOUSE,1100,1200,1300,1.0,CASH,3,1400
DN-11932,TIER_1,APARTMENT_FLAT,3200,3500,3900,1.0,CASH,2,4300
DN-11933,TIER_2,APARTMENT_FLAT,0,950,1050,0.7,UPI,2,1050
DN-11934,TIER_1,CLINIC_PROFESSIONAL,2100,2350,2700,1.0,UPI,2,2900
DN-11935,TIER_1,COMMERCIAL_SHOP,2000,2250,2550,0.9,CASH,3,2750
DN-11936,TIER_1,APARTMENT_FLAT,4100,4650,5350,1.0,UPI,2,6100
DN-11937,TIER_1,APARTMENT_FLAT,6050,6600,7550,1.0,UPI,3,7850
DN-11938,TIER_1,COMMERCIAL_SHOP,3350,3750,4100,1.0,CASH,2,4500
DN-11939,TIER_1,APARTMENT_FLAT,0,3150,0,0.4,UPI,1,2550
DN-11940,TIER_2,COMMERCIAL_SHOP,2250,2550,2800,1.0,UPI,2,3050
DN-11941,TIER_1,APARTMENT_FLAT,2350,2600,2900,0.9,CASH,4,3100
DN-11942,TIER_2,INDEPENDENT_HOUSE,1050,1100,1150,1.0,CASH,4,1250
DN-11943,TIER_1,INDEPENDENT_HOUSE,3300,3700,4050,0.9,UPI,3,4500
DN-11944,TIER_3,APARTMENT_FLAT,700,750,0,0.7,UPI,4,800
DN-11945,TIER_3,APARTMENT_FLAT,550,600,650,1.0,CASH,3,750
DN-11946,TIER_2,APARTMENT_FLAT,1400,1600,0,0.7,CASH,2,1650
DN-11947,TIER_1,APARTMENT_FLAT,2300,2550,2850,1.0,CASH,4,3100
DN-11948,TIER_2,CLINIC_PROFESSIONAL,3850,4400,4800,0.9,CASH,4,5300
DN-11949,TIER_2,APARTMENT_FLAT,2000,2100,2350,1.0,UPI,3,2450
DN-11950,TIER_2,APARTMENT_FLAT,1650,1800,2050,0.7,UPI,1,2050
DN-11951,TIER_1,APARTMENT_FLAT,4500,4750,5350,1.0,CASH,4,6000
DN-11952,TIER_1,APARTMENT_FLAT,1400,1450,1600,1.0,UPI,2,1650
DN-11953,TIER_1,APARTMENT_FLAT,1900,2100,2400,1.0,UPI,3,2750
DN-11954,TIER_1,APARTMENT_FLAT,2150,2350,2650,1.0,CASH,2,2850
DN-11955,TIER_2,INDEPENDENT_HOUSE,3350,3600,3800,1.0,CASH,2,4250
DN-11956,TIER_2,APARTMENT_FLAT,1650,1850,2000,1.0,CASH,2,2250
DN-11957,TIER_2,COMMERCIAL_SHOP,2400,2500,2650,0.9,UPI,2,3000
DN-11958,TIER_2,APARTMENT_FLAT,1400,1500,1650,1.0,CASH,4,1900
DN-11959,TIER_2,APARTMENT_FLAT,3050,3250,3600,1.0,UPI,1,3800
DN-11960,TIER_2,INDEPENDENT_HOUSE,1200,1300,1400,0.9,UPI,4,1550
DN-11961,TIER_3,APARTMENT_FLAT,700,800,850,1.0,CASH,3,900
DN-11962,TIER_1,COMMERCIAL_SHOP,4600,5200,5650,1.0,CASH,2,6400
DN-11963,TIER_1,APARTMENT_FLAT,1900,2150,2350,1.0,CASH,2,2600
DN-11964,TIER_1,INDEPENDENT_HOUSE,4100,4650,5000,1.0,UPI,3,5300
DN-11965,TIER_1,APARTMENT_FLAT,1900,2050,2200,1.0,UPI,4,2350
DN-11966,TIER_1,APARTMENT_FLAT,2400,2600,2900,0.9,UPI,4,3050
DN-11967,TIER_2,INDEPENDENT_HOUSE,850,950,1100,1.0,UPI,1,1150
DN-11968,TIER_2,INDEPENDENT_HOUSE,3100,3450,3900,1.0,CASH,4,4150
DN-11969,TIER_1,APARTMENT_FLAT,1000,1050,1150,1.0,UPI,4,1200
DN-11970,TIER_3,INDEPENDENT_HOUSE,1350,1500,0,0.9,CASH,1,1600
DN-11971,TIER_2,APARTMENT_FLAT,1650,1800,1900,1.0,CASH,4,2150
DN-11972,TIER_2,COMMERCIAL_SHOP,1750,1850,2100,1.0,CASH,1,2200
DN-11973,TIER_2,INDEPENDENT_HOUSE,2150,2400,2700,1.0,CASH,4,2850
DN-11974,TIER_2,COMMERCIAL_SHOP,3400,0,3750,0.4,CASH,1,3150
DN-11975,TIER_3,INDEPENDENT_HOUSE,1900,0,0,0.4,CASH,2,1650
DN-11976,TIER_3,APARTMENT_FLAT,450,500,550,0.9,CASH,4,600
DN-11977,TIER_3,APARTMENT_FLAT,900,950,0,0.9,UPI,2,1050
DN-11978,TIER_3,APARTMENT_FLAT,850,950,1050,0.9,CASH,2,1100
DN-11979,TIER_3,COMMERCIAL_SHOP,1750,1950,2250,1.0,CASH,2,2500
DN-11980,TIER_1,COMMERCIAL_SHOP,5200,0,5550,0.9,CASH,2,6350
DN-11981,TIER_1,INDEPENDENT_HOUSE,3350,3650,0,0.9,UPI,1,3900
DN-11982,TIER_2,COMMERCIAL_SHOP,4600,4900,5250,1.0,UPI,1,6000
DN-11983,TIER_1,APARTMENT_FLAT,950,1050,1200,1.0,UPI,4,1300
DN-11984,TIER_1,APARTMENT_FLAT,1850,2050,2250,0.4,UPI,3,2000
DN-11985,TIER_1,INDEPENDENT_HOUSE,2150,2350,2500,1.0,UPI,1,2750
DN-11986,TIER_1,COMMERCIAL_SHOP,6250,6700,7100,0.9,UPI,2,7900
DN-11987,TIER_2,INDEPENDENT_HOUSE,4300,4700,5150,0.9,UPI,2,5500
DN-11988,TIER_3,CLINIC_PROFESSIONAL,900,1000,1100,0.9,CASH,1,1200
DN-11989,TIER_2,INDEPENDENT_HOUSE,0,1200,0,0.4,CASH,2,1000
DN-11990,TIER_2,INDEPENDENT_HOUSE,2400,2600,2750,0.9,CASH,2,2900
DN-11991,TIER_2,APARTMENT_FLAT,2300,2400,2600,0.9,CASH,2,2850
DN-11992,TIER_3,APARTMENT_FLAT,800,850,900,1.0,CASH,2,950
DN-11993,TIER_2,CLINIC_PROFESSIONAL,4250,4550,5050,1.0,UPI,1,5750
DN-11994,TIER_3,APARTMENT_FLAT,950,1000,1100,1.0,UPI,3,1150
DN-11995,TIER_1,COMMERCIAL_SHOP,6250,6800,7200,0.9,UPI,3,8050
DN-11996,TIER_2,COMMERCIAL_SHOP,2050,2300,2600,1.0,CASH,1,2950
DN-11997,TIER_2,APARTMENT_FLAT,1400,1500,1700,1.0,UPI,3,1900
DN-11998,TIER_3,INDEPENDENT_HOUSE,1300,1450,1650,1.0,CASH,1,1750
DN-11999,TIER_3,APARTMENT_FLAT,0,700,800,0.7,CASH,2,800
DN-12000,TIER_3,APARTMENT_FLAT,900,1000,1100,1.0,CASH,3,1200
DN-12001,TIER_1,APARTMENT_FLAT,2650,2950,3250,1.0,UPI,3,3450
DN-12002,TIER_2,APARTMENT_FLAT,700,800,850,1.0,UPI,3,900
DN-12003,TIER_2,APARTMENT_FLAT,2350,2550,2700,1.0,CASH,3,3050
DN-12004,TIER_1,INDEPENDENT_HOUSE,2400,2500,0,0.9,CASH,4,2600
DN-12005,TIER_2,INDEPENDENT_HOUSE,2050,0,0,0.9,UPI,2,2150
DN-12006,TIER_2,APARTMENT_FLAT,1700,1900,2150,1.0,CASH,2,2300
DN-12007,TIER_2,APARTMENT_FLAT,1600,1750,1900,1.0,UPI,2,2050
DN-12008,TIER_2,INDEPENDENT_HOUSE,1750,1950,2150,0.9,CASH,4,2250
DN-12009,TIER_2,APARTMENT_FLAT,1150,1250,1400,1.0,UPI,3,1600
DN-12010,TIER_2,APARTMENT_FLAT,2050,2250,2500,1.0,UPI,2,2650
DN-12011,TIER_2,CLINIC_PROFESSIONAL,2600,2950,3400,1.0,CASH,2,3900
DN-12012,TIER_3,APARTMENT_FLAT,550,600,700,1.0,UPI,2,800
DN-12013,TIER_2,APARTMENT_FLAT,900,950,1050,1.0,UPI,4,1150
DN-12014,TIER_2,INDEPENDENT_HOUSE,2850,3000,0,0.9,UPI,1,3150
DN-12015,TIER_1,COMMERCIAL_SHOP,4000,4350,4850,1.0,CASH,3,5500
DN-12016,TIER_2,COMMERCIAL_SHOP,1800,1950,2200,0.9,UPI,1,2450
DN-12017,TIER_2,COMMERCIAL_SHOP,5300,5600,6100,1.0,CASH,4,6450
DN-12018,TIER_1,APARTMENT_FLAT,1700,0,1800,0.9,UPI,4,1900
DN-12019,TIER_1,APARTMENT_FLAT,1500,1600,1800,1.0,CASH,4,1900
DN-12020,TIER_1,INDEPENDENT_HOUSE,3900,4150,4600,1.0,CASH,2,5050
DN-12021,TIER_2,APARTMENT_FLAT,1550,1750,2000,1.0,CASH,4,2250
DN-12022,TIER_2,INDEPENDENT_HOUSE,800,900,1000,0.7,UPI,4,1000
DN-12023,TIER_3,COMMERCIAL_SHOP,600,650,750,1.0,UPI,3,850
DN-12024,TIER_2,INDEPENDENT_HOUSE,3200,3400,3800,0.9,UPI,3,4050
DN-12025,TIER_2,INDEPENDENT_HOUSE,1550,1650,0,0.4,UPI,1,1450
DN-12026,TIER_3,APARTMENT_FLAT,400,400,450,1.0,CASH,4,500
DN-12027,TIER_1,APARTMENT_FLAT,1600,1700,1850,1.0,CASH,2,1950
DN-12028,TIER_1,INDEPENDENT_HOUSE,5350,5700,6550,1.0,CASH,2,6900
DN-12029,TIER_1,APARTMENT_FLAT,2450,2550,2900,0.9,UPI,1,3300
DN-12030,TIER_3,APARTMENT_FLAT,650,750,850,1.0,UPI,2,950
DN-12031,TIER_3,CLINIC_PROFESSIONAL,1100,1200,1350,1.0,UPI,4,1450
DN-12032,TIER_1,INDEPENDENT_HOUSE,1400,1450,1550,0.9,UPI,1,1700
DN-12033,TIER_2,COMMERCIAL_SHOP,3900,4250,4800,1.0,CASH,1,5300
DN-12034,TIER_2,INDEPENDENT_HOUSE,1750,1950,2100,1.0,CASH,2,2250
DN-12035,TIER_1,INDEPENDENT_HOUSE,2550,2850,3250,1.0,CASH,3,3450
DN-12036,TIER_2,INDEPENDENT_HOUSE,1500,1700,1850,0.9,CASH,2,1950
DN-12037,TIER_3,APARTMENT_FLAT,800,850,950,1.0,UPI,2,1050
DN-12038,TIER_1,INDEPENDENT_HOUSE,8950,10050,10650,1.0,CASH,1,12050
DN-12039,TIER_3,CLINIC_PROFESSIONAL,1350,1500,1700,1.0,CASH,4,1750
DN-12040,TIER_2,APARTMENT_FLAT,1350,1500,1600,1.0,UPI,2,1850
DN-12041,TIER_3,APARTMENT_FLAT,850,0,0,0.9,CASH,1,950
DN-12042,TIER_1,APARTMENT_FLAT,0,2850,3150,0.7,UPI,3,3350
DN-12043,TIER_1,COMMERCIAL_SHOP,2500,2750,3050,1.0,CASH,2,3250
DN-12044,TIER_1,APARTMENT_FLAT,850,950,1050,1.0,CASH,1,1150
DN-12045,TIER_1,APARTMENT_FLAT,3400,3800,4050,0.9,UPI,3,4300
DN-12046,TIER_2,COMMERCIAL_SHOP,2350,2600,2950,1.0,CASH,2,3200
DN-12047,TIER_2,INDEPENDENT_HOUSE,0,0,1200,0.4,CASH,1,1050
DN-12048,TIER_3,APARTMENT_FLAT,0,0,700,0.4,CASH,3,600
DN-12049,TIER_1,INDEPENDENT_HOUSE,2300,2450,2600,1.0,UPI,1,2800
DN-12050,TIER_2,INDEPENDENT_HOUSE,1800,0,0,0.4,CASH,4,1550
DN-12051,TIER_2,APARTMENT_FLAT,650,750,800,1.0,CASH,4,850
DN-12052,TIER_2,APARTMENT_FLAT,2200,2400,2650,0.9,UPI,2,2850
DN-12053,TIER_1,APARTMENT_FLAT,3100,3500,3700,1.0,UPI,2,4150
DN-12054,TIER_2,APARTMENT_FLAT,1600,1700,1900,0.9,UPI,3,2150
DN-12055,TIER_1,INDEPENDENT_HOUSE,7300,8100,8800,1.0,CASH,1,9150
DN-12056,TIER_3,INDEPENDENT_HOUSE,1750,0,1950,0.9,CASH,4,2050
DN-12057,TIER_2,APARTMENT_FLAT,1300,1400,1600,1.0,UPI,1,1650
DN-12058,TIER_1,APARTMENT_FLAT,1550,1650,1850,1.0,UPI,2,2000
DN-12059,TIER_2,APARTMENT_FLAT,900,1000,1050,1.0,UPI,3,1200
DN-12060,TIER_1,INDEPENDENT_HOUSE,3100,0,3500,0.7,CASH,2,3400
DN-12061,TIER_2,APARTMENT_FLAT,1800,2000,2300,0.9,UPI,3,2500
DN-12062,TIER_1,APARTMENT_FLAT,2950,3200,3550,1.0,UPI,1,3750
DN-12063,TIER_1,APARTMENT_FLAT,3050,3250,3400,1.0,UPI,4,3900
DN-12064,TIER_1,APARTMENT_FLAT,2600,2800,2950,1.0,CASH,2,3250
DN-12065,TIER_2,APARTMENT_FLAT,1050,1150,1250,1.0,UPI,3,1300
DN-12066,TIER_3,APARTMENT_FLAT,1200,1300,1500,0.9,CASH,2,1650
DN-12067,TIER_2,APARTMENT_FLAT,900,950,1000,1.0,CASH,4,1050
DN-12068,TIER_2,APARTMENT_FLAT,1950,2100,2200,1.0,UPI,2,2300
DN-12069,TIER_2,APARTMENT_FLAT,1400,1450,1600,1.0,CASH,2,1700
DN-12070,TIER_3,APARTMENT_FLAT,950,1100,1250,1.0,CASH,3,1300
DN-12071,TIER_1,APARTMENT_FLAT,1950,2200,2350,1.0,UPI,4,2600
DN-12072,TIER_1,INDEPENDENT_HOUSE,1300,1450,1550,1.0,UPI,1,1700
DN-12073,TIER_1,COMMERCIAL_SHOP,1900,2150,2400,1.0,UPI,2,2700
DN-12074,TIER_1,APARTMENT_FLAT,1950,2150,2350,1.0,UPI,4,2600
DN-12075,TIER_2,APARTMENT_FLAT,1950,2200,2300,1.0,CASH,1,2400
DN-12076,TIER_2,COMMERCIAL_SHOP,2450,2600,2750,1.0,CASH,3,3100
DN-12077,TIER_1,APARTMENT_FLAT,1550,1650,1800,1.0,UPI,2,2050
DN-12078,TIER_1,APARTMENT_FLAT,1700,1850,2000,1.0,CASH,3,2300
DN-12079,TIER_2,INDEPENDENT_HOUSE,2000,2250,2500,1.0,CASH,3,2700
DN-12080,TIER_3,INDEPENDENT_HOUSE,950,1100,1200,0.9,CASH,2,1350
DN-12081,TIER_2,APARTMENT_FLAT,1750,1950,2100,1.0,UPI,4,2350
DN-12082,TIER_1,APARTMENT_FLAT,2700,0,3000,0.9,CASH,4,3250
DN-12083,TIER_2,COMMERCIAL_SHOP,1500,1700,1850,1.0,UPI,1,2100
DN-12084,TIER_2,APARTMENT_FLAT,800,850,950,1.0,CASH,2,1000
DN-12085,TIER_2,APARTMENT_FLAT,2550,2850,3050,1.0,CASH,3,3400
DN-12086,TIER_2,APARTMENT_FLAT,2250,2500,2850,1.0,UPI,1,3150
DN-12087,TIER_2,APARTMENT_FLAT,1200,1300,1400,1.0,UPI,4,1550
DN-12088,TIER_2,INDEPENDENT_HOUSE,4500,5000,5400,1.0,CASH,4,5950
DN-12089,TIER_3,APARTMENT_FLAT,500,550,600,1.0,CASH,3,650
DN-12090,TIER_3,COMMERCIAL_SHOP,3000,3300,3500,1.0,CASH,3,3850
DN-12091,TIER_3,INDEPENDENT_HOUSE,900,1000,1100,1.0,CASH,2,1200
DN-12092,TIER_2,INDEPENDENT_HOUSE,3200,3400,3750,1.0,UPI,2,4100
DN-12093,TIER_2,CLINIC_PROFESSIONAL,1450,1600,1850,1.0,UPI,2,2100
DN-12094,TIER_2,INDEPENDENT_HOUSE,2500,2750,2950,0.9,CASH,3,3350
DN-12095,TIER_2,APARTMENT_FLAT,950,1000,1050,1.0,UPI,4,1100
DN-12096,TIER_1,APARTMENT_FLAT,1050,1100,1200,1.0,CASH,4,1300
DN-12097,TIER_1,COMMERCIAL_SHOP,4200,4750,5200,1.0,UPI,3,5500
DN-12098,TIER_2,INDEPENDENT_HOUSE,2200,2350,2600,1.0,CASH,4,2900
DN-12099,TIER_1,COMMERCIAL_SHOP,0,6450,0,0.4,UPI,3,5300
DN-12100,TIER_1,INDEPENDENT_HOUSE,0,0,6900,0.4,UPI,3,5800
DN-12101,TIER_3,INDEPENDENT_HOUSE,1300,1400,1450,1.0,UPI,2,1550
DN-12102,TIER_1,COMMERCIAL_SHOP,3550,3850,4350,1.0,UPI,3,4550
DN-12103,TIER_2,APARTMENT_FLAT,800,900,950,1.0,UPI,3,1000
DN-12104,TIER_1,INDEPENDENT_HOUSE,2750,3000,3300,1.0,CASH,3,3500
DN-12105,TIER_1,INDEPENDENT_HOUSE,3200,3350,0,0.9,CASH,2,3500
DN-12106,TIER_2,APARTMENT_FLAT,1200,1250,1350,0.7,UPI,4,1350
DN-12107,TIER_1,APARTMENT_FLAT,1750,1850,2000,1.0,UPI,3,2100
DN-12108,TIER_2,INDEPENDENT_HOUSE,2250,2450,2700,1.0,UPI,2,2950
DN-12109,TIER_1,INDEPENDENT_HOUSE,3400,3550,3850,1.0,UPI,4,4000
DN-12110,TIER_1,APARTMENT_FLAT,2250,2450,2750,1.0,UPI,2,3000
DN-12111,TIER_1,APARTMENT_FLAT,2650,2900,3150,1.0,CASH,2,3300
DN-12112,TIER_2,APARTMENT_FLAT,1150,1250,1450,1.0,CASH,2,1550
DN-12113,TIER_2,CLINIC_PROFESSIONAL,1200,1300,0,0.7,UPI,1,1300
DN-12114,TIER_1,COMMERCIAL_SHOP,5100,5650,6050,1.0,UPI,3,6300
DN-12115,TIER_1,APARTMENT_FLAT,1150,1300,0,0.4,UPI,4,1150
DN-12116,TIER_2,COMMERCIAL_SHOP,1300,1500,1700,0.9,UPI,2,1900
DN-12117,TIER_2,APARTMENT_FLAT,2100,2250,2450,0.7,CASH,2,2400
DN-12118,TIER_2,CLINIC_PROFESSIONAL,2350,0,2550,0.9,CASH,3,2650
DN-12119,TIER_1,APARTMENT_FLAT,1750,2000,0,0.7,UPI,2,2000
DN-12120,TIER_1,APARTMENT_FLAT,2650,2850,3200,1.0,UPI,4,3500
DN-12121,TIER_3,APARTMENT_FLAT,1650,1800,1900,0.9,UPI,4,2150
DN-12122,TIER_2,APARTMENT_FLAT,2950,3200,3600,1.0,CASH,4,4000
DN-12123,TIER_3,APARTMENT_FLAT,400,450,0,0.7,CASH,2,450
DN-12124,TIER_2,CLINIC_PROFESSIONAL,1100,1200,1300,1.0,CASH,2,1450
DN-12125,TIER_2,APARTMENT_FLAT,1550,1650,1750,0.9,UPI,2,2000
DN-12126,TIER_2,INDEPENDENT_HOUSE,1050,1200,1300,1.0,CASH,4,1400
DN-12127,TIER_2,APARTMENT_FLAT,700,800,0,0.7,CASH,3,850
DN-12128,TIER_2,COMMERCIAL_SHOP,1200,0,1300,0.7,CASH,2,1300
DN-12129,TIER_2,APARTMENT_FLAT,2000,0,2250,0.4,CASH,2,1850
DN-12130,TIER_1,INDEPENDENT_HOUSE,2050,2300,2500,1.0,UPI,4,2650
DN-12131,TIER_2,APARTMENT_FLAT,1050,0,1200,0.4,CASH,3,1050
DN-12132,TIER_1,INDEPENDENT_HOUSE,3250,3450,3700,0.9,CASH,1,4050
DN-12133,TIER_1,APARTMENT_FLAT,4500,4850,5550,1.0,UPI,1,6350
DN-12134,TIER_1,INDEPENDENT_HOUSE,3500,3750,0,0.4,UPI,1,3250
DN-12135,TIER_2,INDEPENDENT_HOUSE,2650,2950,3350,0.9,UPI,3,3650
DN-12136,TIER_1,INDEPENDENT_HOUSE,6550,7050,7800,1.0,UPI,2,8650
DN-12137,TIER_2,APARTMENT_FLAT,650,0,700,0.7,UPI,4,700
DN-12138,TIER_2,APARTMENT_FLAT,2000,2200,2450,1.0,UPI,2,2550
DN-12139,TIER_2,COMMERCIAL_SHOP,2250,2350,2700,1.0,CASH,2,3000
DN-12140,TIER_1,APARTMENT_FLAT,4600,5200,5950,1.0,UPI,1,6400
DN-12141,TIER_1,INDEPENDENT_HOUSE,2500,2700,2900,1.0,UPI,1,3050
DN-12142,TIER_2,INDEPENDENT_HOUSE,2200,2400,2600,1.0,CASH,2,2700
DN-12143,TIER_1,APARTMENT_FLAT,4250,4650,5100,1.0,CASH,3,5450
DN-12144,TIER_2,APARTMENT_FLAT,1050,1150,1250,0.9,UPI,4,1400
DN-12145,TIER_3,APARTMENT_FLAT,650,700,750,1.0,CASH,2,800
DN-12146,TIER_1,COMMERCIAL_SHOP,4150,4700,5150,1.0,CASH,2,5800
DN-12147,TIER_1,APARTMENT_FLAT,2250,2550,2800,1.0,CASH,2,3000
DN-12148,TIER_2,APARTMENT_FLAT,3750,4250,4600,1.0,UPI,4,4800
DN-12149,TIER_1,APARTMENT_FLAT,1000,1100,1200,1.0,UPI,3,1250
DN-12150,TIER_1,APARTMENT_FLAT,1650,1750,1950,0.9,UPI,4,2250
DN-12151,TIER_3,APARTMENT_FLAT,850,900,950,1.0,CASH,2,1100
DN-12152,TIER_1,APARTMENT_FLAT,4450,4850,5450,1.0,UPI,3,6050
DN-12153,TIER_2,COMMERCIAL_SHOP,2650,3000,3250,1.0,UPI,4,3450
DN-12154,TIER_2,APARTMENT_FLAT,950,1000,1050,1.0,CASH,3,1100
DN-12155,TIER_1,INDEPENDENT_HOUSE,2550,2650,2850,1.0,UPI,2,3150
DN-12156,TIER_2,APARTMENT_FLAT,1650,1800,1950,0.9,CASH,2,2150
DN-12157,TIER_2,COMMERCIAL_SHOP,2650,2850,3050,1.0,UPI,4,3400
DN-12158,TIER_2,INDEPENDENT_HOUSE,1700,1850,2100,1.0,CASH,2,2400
DN-12159,TIER_1,COMMERCIAL_SHOP,0,0,0,0.4,CASH,4,3300
DN-12160,TIER_2,APARTMENT_FLAT,1400,1550,1700,0.9,CASH,2,1850
DN-12161,TIER_2,APARTMENT_FLAT,550,600,700,1.0,CASH,2,800
DN-12162,TIER_2,INDEPENDENT_HOUSE,3400,3650,4100,1.0,UPI,1,4650
DN-12163,TIER_2,INDEPENDENT_HOUSE,2200,2400,2600,0.9,CASH,2,2950
DN-12164,TIER_2,COMMERCIAL_SHOP,3750,4150,4450,1.0,UPI,4,5050
DN-12165,TIER_1,APARTMENT_FLAT,3100,3350,0,0.7,UPI,1,3550
DN-12166,TIER_1,APARTMENT_FLAT,2000,2200,2450,1.0,CASH,3,2750
DN-12167,TIER_3,INDEPENDENT_HOUSE,900,950,1050,0.9,UPI,2,1150
DN-12168,TIER_2,CLINIC_PROFESSIONAL,2450,2750,2950,1.0,CASH,3,3200
DN-12169,TIER_2,APARTMENT_FLAT,1400,1600,1700,1.0,CASH,1,1900
DN-12170,TIER_1,INDEPENDENT_HOUSE,8650,9350,9800,1.0,UPI,2,10800
DN-12171,TIER_2,APARTMENT_FLAT,0,0,1050,0.4,CASH,2,850
DN-12172,TIER_3,APARTMENT_FLAT,900,1000,1100,1.0,CASH,2,1200
DN-12173,TIER_3,INDEPENDENT_HOUSE,650,700,750,0.7,UPI,2,750
DN-12174,TIER_2,APARTMENT_FLAT,2100,2350,2650,1.0,CASH,2,2950
DN-12175,TIER_1,APARTMENT_FLAT,2200,0,2450,0.7,UPI,3,2550
DN-12176,TIER_2,INDEPENDENT_HOUSE,0,3450,3750,0.9,CASH,2,4050
DN-12177,TIER_2,APARTMENT_FLAT,1150,1300,1400,0.9,UPI,4,1600
DN-12178,TIER_2,APARTMENT_FLAT,600,650,700,1.0,CASH,4,800
DN-12179,TIER_3,APARTMENT_FLAT,450,500,550,1.0,CASH,2,550
DN-12180,TIER_1,INDEPENDENT_HOUSE,8700,9450,0,0.7,UPI,3,9550
DN-12181,TIER_3,APARTMENT_FLAT,750,800,850,0.9,UPI,3,950
DN-12182,TIER_2,INDEPENDENT_HOUSE,1550,0,0,0.4,UPI,2,1350
DN-12183,TIER_2,APARTMENT_FLAT,4800,5400,6000,1.0,CASH,2,6450
DN-12184,TIER_2,APARTMENT_FLAT,1300,1350,1550,1.0,CASH,2,1600
DN-12185,TIER_2,INDEPENDENT_HOUSE,1900,2050,2300,0.9,CASH,3,2600
DN-12186,TIER_2,INDEPENDENT_HOUSE,2650,2850,3050,1.0,CASH,2,3350
DN-12187,TIER_2,INDEPENDENT_HOUSE,2700,0,0,0.4,UPI,2,2350
DN-12188,TIER_1,INDEPENDENT_HOUSE,6050,6850,7200,1.0,CASH,4,7650
DN-12189,TIER_1,APARTMENT_FLAT,900,950,1000,0.9,UPI,1,1050
DN-12190,TIER_1,COMMERCIAL_SHOP,10150,11500,13050,1.0,UPI,2,14300
DN-12191,TIER_2,APARTMENT_FLAT,1850,1950,2250,1.0,UPI,3,2400
DN-12192,TIER_1,COMMERCIAL_SHOP,3300,3600,4100,1.0,UPI,4,4450
DN-12193,TIER_2,APARTMENT_FLAT,2150,2350,2550,1.0,UPI,2,2900
DN-12194,TIER_3,INDEPENDENT_HOUSE,800,900,0,0.9,UPI,2,950
DN-12195,TIER_2,COMMERCIAL_SHOP,2250,2350,0,0.9,CASH,4,2650
DN-12196,TIER_1,APARTMENT_FLAT,1800,2000,2150,0.7,UPI,2,2100
DN-12197,TIER_1,COMMERCIAL_SHOP,5600,6100,6850,1.0,UPI,1,7300
DN-12198,TIER_1,APARTMENT_FLAT,1950,0,2100,0.9,CASH,3,2200
DN-12199,TIER_1,APARTMENT_FLAT,1650,1850,2100,0.9,UPI,2,2350
DN-12200,TIER_2,APARTMENT_FLAT,1250,1300,1450,1.0,CASH,1,1550
DN-12201,TIER_2,APARTMENT_FLAT,0,1500,0,0.4,CASH,2,1300
DN-12202,TIER_2,INDEPENDENT_HOUSE,1100,1150,1250,1.0,UPI,2,1400
DN-12203,TIER_1,INDEPENDENT_HOUSE,2000,2100,2350,1.0,UPI,4,2450
DN-12204,TIER_2,APARTMENT_FLAT,800,850,950,0.9,UPI,4,1050
DN-12205,TIER_1,INDEPENDENT_HOUSE,2500,2800,3050,0.9,UPI,3,3400
DN-12206,TIER_2,CLINIC_PROFESSIONAL,4300,4750,5400,0.9,UPI,4,5650
DN-12207,TIER_2,APARTMENT_FLAT,1150,1200,1350,1.0,CASH,4,1500
DN-12208,TIER_2,INDEPENDENT_HOUSE,1300,1400,1550,1.0,UPI,3,1750
DN-12209,TIER_1,INDEPENDENT_HOUSE,3000,3200,3550,1.0,CASH,1,4050
DN-12210,TIER_1,COMMERCIAL_SHOP,0,0,0,0.4,UPI,1,3950
DN-12211,TIER_2,COMMERCIAL_SHOP,750,800,850,1.0,CASH,2,950
DN-12212,TIER_1,APARTMENT_FLAT,2650,2900,0,0.9,UPI,3,3000
DN-12213,TIER_1,INDEPENDENT_HOUSE,3550,4000,4300,1.0,CASH,2,4700
DN-12214,TIER_2,APARTMENT_FLAT,1450,1650,1800,0.9,CASH,2,1950
DN-12215,TIER_2,APARTMENT_FLAT,2200,2400,0,0.4,UPI,2,2000
DN-12216,TIER_2,INDEPENDENT_HOUSE,1950,2100,2350,1.0,UPI,1,2500
DN-12217,TIER_1,APARTMENT_FLAT,1500,1700,1850,1.0,UPI,1,2050
DN-12218,TIER_2,APARTMENT_FLAT,1550,1700,1800,1.0,UPI,4,1900
DN-12219,TIER_1,APARTMENT_FLAT,2450,2600,2800,1.0,UPI,3,2900
DN-12220,TIER_2,INDEPENDENT_HOUSE,0,1550,1750,0.7,UPI,2,1750
DN-12221,TIER_2,INDEPENDENT_HOUSE,0,5600,0,0.4,UPI,2,4900
DN-12222,TIER_2,INDEPENDENT_HOUSE,1800,1900,2100,1.0,CASH,2,2200
DN-12223,TIER_3,COMMERCIAL_SHOP,1500,1650,1750,1.0,CASH,2,1900
DN-12224,TIER_2,APARTMENT_FLAT,1000,1100,1250,0.9,CASH,3,1350
DN-12225,TIER_1,APARTMENT_FLAT,1400,1500,1650,1.0,UPI,3,1700
DN-12226,TIER_3,APARTMENT_FLAT,1300,1450,1650,0.7,CASH,3,1600
DN-12227,TIER_1,APARTMENT_FLAT,1350,1400,1550,1.0,UPI,3,1650
DN-12228,TIER_2,APARTMENT_FLAT,1750,1900,2100,0.9,UPI,1,2200
DN-12229,TIER_1,CLINIC_PROFESSIONAL,0,0,4850,0.9,UPI,3,5150
DN-12230,TIER_2,APARTMENT_FLAT,1150,1200,1300,1.0,UPI,4,1450
DN-12231,TIER_2,INDEPENDENT_HOUSE,0,1500,0,0.4,CASH,4,1300
DN-12232,TIER_1,APARTMENT_FLAT,1000,1100,0,0.9,UPI,2,1150
DN-12233,TIER_1,APARTMENT_FLAT,3200,3600,4100,1.0,CASH,2,4350
DN-12234,TIER_2,COMMERCIAL_SHOP,2050,2150,2450,0.9,UPI,3,2700
DN-12235,TIER_1,INDEPENDENT_HOUSE,1400,1550,1800,1.0,CASH,4,1950
DN-12236,TIER_1,COMMERCIAL_SHOP,6600,7500,8150,1.0,UPI,4,9300
DN-12237,TIER_3,INDEPENDENT_HOUSE,900,1000,1100,0.9,CASH,4,1200
DN-12238,TIER_3,APARTMENT_FLAT,1000,1100,1200,1.0,UPI,4,1300
DN-12239,TIER_3,APARTMENT_FLAT,800,900,1000,1.0,UPI,2,1150
DN-12240,TIER_2,APARTMENT_FLAT,750,800,850,0.9,CASH,2,950
DN-12241,TIER_2,APARTMENT_FLAT,1050,1150,1200,1.0,CASH,4,1250
DN-12242,TIER_3,INDEPENDENT_HOUSE,1450,1550,1750,1.0,CASH,1,1850
DN-12243,TIER_2,COMMERCIAL_SHOP,3000,3200,3550,0.9,CASH,2,3850
DN-12244,TIER_2,COMMERCIAL_SHOP,3200,3600,3900,1.0,UPI,3,4200
DN-12245,TIER_2,INDEPENDENT_HOUSE,1700,1850,2050,0.9,UPI,1,2350
DN-12246,TIER_1,APARTMENT_FLAT,2750,2900,3300,1.0,UPI,2,3750
DN-12247,TIER_1,CLINIC_PROFESSIONAL,4050,4500,5150,1.0,CASH,1,5750
DN-12248,TIER_2,INDEPENDENT_HOUSE,3050,3300,3700,1.0,UPI,4,4150
DN-12249,TIER_2,INDEPENDENT_HOUSE,2750,3050,3400,0.9,UPI,3,3550
DN-12250,TIER_1,CLINIC_PROFESSIONAL,5500,5850,6600,1.0,CASH,2,7300
DN-12251,TIER_1,APARTMENT_FLAT,3350,3750,4250,1.0,UPI,2,4700
DN-12252,TIER_1,INDEPENDENT_HOUSE,3350,3750,4150,0.9,UPI,2,4650
DN-12253,TIER_2,APARTMENT_FLAT,1250,1400,1450,1.0,CASH,2,1600
DN-12254,TIER_2,APARTMENT_FLAT,2950,3250,3700,1.0,UPI,2,3950
DN-12255,TIER_1,APARTMENT_FLAT,4850,5250,5600,0.9,UPI,2,6300
DN-12256,TIER_2,CLINIC_PROFESSIONAL,1450,1650,1850,1.0,UPI,4,2050
DN-12257,TIER_3,APARTMENT_FLAT,600,650,700,0.7,UPI,4,700
DN-12258,TIER_3,APARTMENT_FLAT,550,600,700,1.0,CASH,1,800
DN-12259,TIER_2,APARTMENT_FLAT,0,0,0,0.4,CASH,2,1800
DN-12260,TIER_1,APARTMENT_FLAT,2200,2500,2650,0.9,UPI,3,2900
DN-12261,TIER_1,APARTMENT_FLAT,2150,2350,2700,1.0,UPI,4,2850
DN-12262,TIER_1,APARTMENT_FLAT,2000,2200,2300,0.9,CASH,3,2550
DN-12263,TIER_3,APARTMENT_FLAT,1250,1350,1450,1.0,CASH,2,1650
DN-12264,TIER_1,APARTMENT_FLAT,0,2700,0,0.4,UPI,4,2200
DN-12265,TIER_2,APARTMENT_FLAT,1900,0,0,0.4,UPI,3,1600
DN-12266,TIER_2,APARTMENT_FLAT,800,850,950,0.9,UPI,1,1050
DN-12267,TIER_2,APARTMENT_FLAT,1150,0,1300,0.7,CASH,3,1300
DN-12268,TIER_3,APARTMENT_FLAT,300,350,400,0.9,CASH,2,450
DN-12269,TIER_1,COMMERCIAL_SHOP,7200,7550,8350,1.0,CASH,4,9050
DN-12270,TIER_2,APARTMENT_FLAT,450,500,550,1.0,UPI,2,600
DN-12271,TIER_1,INDEPENDENT_HOUSE,3200,3400,3900,1.0,UPI,2,4450
DN-12272,TIER_2,INDEPENDENT_HOUSE,1800,1950,2100,1.0,CASH,2,2300
DN-12273,TIER_1,APARTMENT_FLAT,3350,3750,4100,1.0,UPI,4,4450
DN-12274,TIER_1,APARTMENT_FLAT,2500,2800,3050,1.0,UPI,3,3300
DN-12275,TIER_2,APARTMENT_FLAT,1700,1900,2050,0.9,CASH,4,2200
DN-12276,TIER_2,APARTMENT_FLAT,1250,1300,1450,1.0,CASH,1,1500
DN-12277,TIER_1,COMMERCIAL_SHOP,4300,4850,5300,0.9,CASH,4,5850
DN-12278,TIER_2,APARTMENT_FLAT,1800,2000,2250,0.9,CASH,4,2450
DN-12279,TIER_2,APARTMENT_FLAT,2150,2350,2500,0.9,CASH,4,2800
DN-12280,TIER_3,CLINIC_PROFESSIONAL,2600,2750,2950,1.0,CASH,4,3100
DN-12281,TIER_2,CLINIC_PROFESSIONAL,750,800,900,1.0,UPI,1,1000
DN-12282,TIER_3,APARTMENT_FLAT,500,550,650,1.0,CASH,2,700
DN-12283,TIER_2,APARTMENT_FLAT,0,2600,0,0.7,UPI,1,2650
DN-12284,TIER_1,INDEPENDENT_HOUSE,1350,1500,1700,1.0,CASH,2,1850
DN-12285,TIER_1,INDEPENDENT_HOUSE,4550,5050,5500,1.0,UPI,2,5750
DN-12286,TIER_3,APARTMENT_FLAT,450,450,500,1.0,UPI,4,550
DN-12287,TIER_1,INDEPENDENT_HOUSE,3850,4350,4550,1.0,UPI,1,5100
DN-12288,TIER_3,COMMERCIAL_SHOP,1500,1650,1800,0.9,UPI,4,1850
DN-12289,TIER_3,INDEPENDENT_HOUSE,750,850,950,1.0,CASH,4,1100
DN-12290,TIER_1,COMMERCIAL_SHOP,3550,3900,4250,1.0,CASH,2,4450
DN-12291,TIER_1,INDEPENDENT_HOUSE,2050,2300,2600,1.0,UPI,4,2950
DN-12292,TIER_1,APARTMENT_FLAT,1850,2100,2250,1.0,CASH,2,2450
DN-12293,TIER_2,APARTMENT_FLAT,1450,1650,1850,1.0,UPI,1,2000
DN-12294,TIER_2,APARTMENT_FLAT,1450,1550,1750,1.0,CASH,3,1950
DN-12295,TIER_2,INDEPENDENT_HOUSE,1200,1350,1450,1.0,CASH,2,1600
DN-12296,TIER_1,APARTMENT_FLAT,2550,2750,3050,1.0,CASH,4,3350
DN-12297,TIER_2,INDEPENDENT_HOUSE,2550,2700,3100,1.0,CASH,2,3450
DN-12298,TIER_2,APARTMENT_FLAT,1050,1100,1250,1.0,CASH,2,1300
DN-12299,TIER_3,APARTMENT_FLAT,0,1200,0,0.7,CASH,1,1150
DN-12300,TIER_3,APARTMENT_FLAT,950,1050,1150,1.0,CASH,1,1300
DN-12301,TIER_2,INDEPENDENT_HOUSE,1050,1150,1300,1.0,CASH,1,1400
DN-12302,TIER_3,COMMERCIAL_SHOP,1000,1100,1200,1.0,UPI,4,1300
DN-12303,TIER_2,CLINIC_PROFESSIONAL,2050,2300,2550,0.9,CASH,3,2850
DN-12304,TIER_3,INDEPENDENT_HOUSE,750,800,900,1.0,UPI,1,950
DN-12305,TIER_3,INDEPENDENT_HOUSE,2050,2250,2400,1.0,CASH,1,2700
DN-12306,TIER_2,APARTMENT_FLAT,2050,2150,2300,0.9,UPI,2,2600
DN-12307,TIER_2,APARTMENT_FLAT,1300,1350,1500,1.0,UPI,1,1700
DN-12308,TIER_1,CLINIC_PROFESSIONAL,3650,3950,4500,1.0,UPI,3,4800
DN-12309,TIER_1,COMMERCIAL_SHOP,7950,8900,9650,1.0,UPI,2,10250
DN-12310,TIER_2,COMMERCIAL_SHOP,2850,3000,3200,1.0,UPI,2,3500
DN-12311,TIER_2,APARTMENT_FLAT,2100,2300,2600,1.0,CASH,2,2950
DN-12312,TIER_1,APARTMENT_FLAT,3650,4000,4550,1.0,CASH,2,4750
DN-12313,TIER_1,COMMERCIAL_SHOP,7500,8000,8500,1.0,UPI,4,9650
DN-12314,TIER_1,APARTMENT_FLAT,1300,1400,1600,0.9,CASH,3,1650
DN-12315,TIER_2,APARTMENT_FLAT,1700,1950,2150,1.0,UPI,2,2350
DN-12316,TIER_3,APARTMENT_FLAT,1150,1250,1400,1.0,UPI,2,1450
DN-12317,TIER_2,APARTMENT_FLAT,950,1000,1100,1.0,UPI,4,1250
DN-12318,TIER_2,INDEPENDENT_HOUSE,2150,0,2450,0.7,CASH,2,2500
DN-12319,TIER_3,APARTMENT_FLAT,1000,1150,1250,1.0,CASH,2,1400
DN-12320,TIER_2,APARTMENT_FLAT,1400,1500,1650,1.0,CASH,2,1800
DN-12321,TIER_2,INDEPENDENT_HOUSE,3000,3150,3450,1.0,CASH,2,3800
DN-12322,TIER_2,APARTMENT_FLAT,900,950,1000,1.0,UPI,4,1100
DN-12323,TIER_1,APARTMENT_FLAT,2250,0,2450,0.4,UPI,2,2000
DN-12324,TIER_2,INDEPENDENT_HOUSE,2400,2550,2750,1.0,CASH,2,2900
DN-12325,TIER_2,INDEPENDENT_HOUSE,800,850,950,1.0,CASH,2,1100
DN-12326,TIER_3,APARTMENT_FLAT,0,0,2150,0.4,CASH,3,1900
DN-12327,TIER_2,COMMERCIAL_SHOP,2700,2800,2950,1.0,CASH,3,3200
DN-12328,TIER_1,APARTMENT_FLAT,4300,4850,5300,1.0,CASH,3,5700
DN-12329,TIER_2,INDEPENDENT_HOUSE,2150,2300,2600,0.7,CASH,2,2700
DN-12330,TIER_2,COMMERCIAL_SHOP,8050,9050,9900,1.0,UPI,4,11250
DN-12331,TIER_1,APARTMENT_FLAT,2400,2700,3050,1.0,UPI,2,3250
DN-12332,TIER_3,APARTMENT_FLAT,700,750,850,1.0,CASH,2,950
DN-12333,TIER_2,APARTMENT_FLAT,2450,2700,0,0.9,CASH,2,3050
DN-12334,TIER_1,APARTMENT_FLAT,2250,2400,2650,1.0,UPI,4,2950
DN-12335,TIER_2,APARTMENT_FLAT,2050,2200,2350,1.0,CASH,4,2700
DN-12336,TIER_1,INDEPENDENT_HOUSE,3500,3700,4050,1.0,CASH,2,4500
DN-12337,TIER_3,INDEPENDENT_HOUSE,2300,2400,2750,1.0,UPI,2,3100
DN-12338,TIER_3,APARTMENT_FLAT,1450,1600,1700,1.0,UPI,2,1850
DN-12339,TIER_2,INDEPENDENT_HOUSE,0,0,0,0.4,CASH,2,2200
DN-12340,TIER_3,INDEPENDENT_HOUSE,1100,1250,1400,1.0,UPI,1,1600
DN-12341,TIER_1,APARTMENT_FLAT,1200,1300,1500,1.0,UPI,3,1700
DN-12342,TIER_2,APARTMENT_FLAT,450,500,550,0.7,UPI,4,600
DN-12343,TIER_2,COMMERCIAL_SHOP,2050,2250,2350,1.0,CASH,4,2550
DN-12344,TIER_2,APARTMENT_FLAT,850,950,1000,1.0,CASH,4,1150
DN-12345,TIER_1,INDEPENDENT_HOUSE,3650,3900,4350,1.0,CASH,3,4600
DN-12346,TIER_3,APARTMENT_FLAT,550,600,700,0.9,CASH,2,800
DN-12347,TIER_1,INDEPENDENT_HOUSE,5850,6350,7000,1.0,UPI,2,7250
DN-12348,TIER_2,APARTMENT_FLAT,950,1000,1050,0.7,UPI,1,1000
DN-12349,TIER_1,COMMERCIAL_SHOP,4400,4750,5100,1.0,CASH,2,5700
DN-12350,TIER_2,APARTMENT_FLAT,1400,1500,1600,1.0,UPI,1,1700
DN-12351,TIER_2,COMMERCIAL_SHOP,3750,4150,4400,1.0,UPI,1,4650
DN-12352,TIER_3,APARTMENT_FLAT,500,550,600,1.0,CASH,2,600
DN-12353,TIER_1,APARTMENT_FLAT,1550,1600,1750,1.0,CASH,4,1850
DN-12354,TIER_2,INDEPENDENT_HOUSE,2600,2750,3150,1.0,CASH,1,3300
DN-12355,TIER_1,COMMERCIAL_SHOP,3700,0,0,0.9,UPI,3,4050
DN-12356,TIER_1,APARTMENT_FLAT,1100,1250,1400,1.0,UPI,4,1500
DN-12357,TIER_3,APARTMENT_FLAT,950,1050,1150,1.0,UPI,2,1200
DN-12358,TIER_3,INDEPENDENT_HOUSE,600,650,700,1.0,CASH,4,750
DN-12359,TIER_1,APARTMENT_FLAT,4900,5450,5800,0.9,CHEQUE,2,6450
DN-12360,TIER_2,INDEPENDENT_HOUSE,1800,1900,2050,0.9,UPI,3,2200
DN-12361,TIER_3,APARTMENT_FLAT,300,350,400,0.7,CASH,2,400
DN-12362,TIER_2,APARTMENT_FLAT,1500,1600,1750,0.9,CASH,3,1850
DN-12363,TIER_1,INDEPENDENT_HOUSE,2200,2300,2600,1.0,CASH,2,2850
DN-12364,TIER_2,APARTMENT_FLAT,0,0,1350,0.7,UPI,3,1400
DN-12365,TIER_2,APARTMENT_FLAT,850,950,1050,1.0,UPI,1,1150
DN-12366,TIER_2,INDEPENDENT_HOUSE,2950,3300,3750,1.0,CASH,1,3950
DN-12367,TIER_2,COMMERCIAL_SHOP,4550,5000,5450,0.9,CASH,3,6150
DN-12368,TIER_3,CLINIC_PROFESSIONAL,650,0,0,0.4,CASH,4,550
DN-12369,TIER_1,COMMERCIAL_SHOP,5200,5700,6200,1.0,CASH,1,6450
DN-12370,TIER_2,APARTMENT_FLAT,1000,1050,1200,1.0,CASH,1,1350
DN-12371,TIER_2,APARTMENT_FLAT,1650,1800,1900,1.0,UPI,4,2050
DN-12372,TIER_1,INDEPENDENT_HOUSE,6000,6650,7450,1.0,CASH,3,8050
DN-12373,TIER_2,INDEPENDENT_HOUSE,3100,3350,3750,1.0,CASH,4,4150
DN-12374,TIER_1,CLINIC_PROFESSIONAL,2900,3250,3650,0.9,CASH,1,3900
DN-12375,TIER_1,INDEPENDENT_HOUSE,3400,3800,4300,0.9,UPI,2,4750
DN-12376,TIER_2,APARTMENT_FLAT,1500,1650,1800,1.0,UPI,2,2050
DN-12377,TIER_2,INDEPENDENT_HOUSE,950,1000,1050,1.0,CASH,1,1150
DN-12378,TIER_3,APARTMENT_FLAT,500,550,600,1.0,CASH,2,650
DN-12379,TIER_2,APARTMENT_FLAT,1750,2000,2200,1.0,CASH,2,2450
DN-12380,TIER_2,APARTMENT_FLAT,2500,2650,2900,1.0,CASH,1,3300
DN-12381,TIER_1,APARTMENT_FLAT,0,0,0,0.7,UPI,2,2250
DN-12382,TIER_2,APARTMENT_FLAT,750,850,0,0.7,CASH,3,850
DN-12383,TIER_2,INDEPENDENT_HOUSE,3500,3800,0,0.7,CASH,4,3800
DN-12384,TIER_1,CLINIC_PROFESSIONAL,4250,4500,4850,1.0,UPI,1,5200
DN-12385,TIER_3,APARTMENT_FLAT,600,650,700,1.0,UPI,2,800
DN-12386,TIER_2,APARTMENT_FLAT,1600,1700,1900,1.0,CASH,4,2150
DN-12387,TIER_2,COMMERCIAL_SHOP,1800,1950,2200,0.7,CASH,1,2200
DN-12388,TIER_1,INDEPENDENT_HOUSE,7650,8250,8750,1.0,UPI,2,9500
DN-12389,TIER_2,APARTMENT_FLAT,1250,1300,1450,1.0,UPI,2,1650
DN-12390,TIER_1,COMMERCIAL_SHOP,3200,3600,3800,1.0,UPI,4,3950
DN-12391,TIER_2,COMMERCIAL_SHOP,2500,0,2850,0.4,CASH,2,2550
DN-12392,TIER_3,INDEPENDENT_HOUSE,1050,1150,1300,1.0,UPI,1,1350
DN-12393,TIER_3,CLINIC_PROFESSIONAL,1450,1550,1700,1.0,CASH,3,1900
DN-12394,TIER_2,APARTMENT_FLAT,2450,2750,3100,1.0,UPI,3,3350
DN-12395,TIER_2,APARTMENT_FLAT,0,0,1950,0.4,CASH,2,1700
DN-12396,TIER_3,CLINIC_PROFESSIONAL,700,750,850,1.0,CASH,3,950
DN-12397,TIER_1,COMMERCIAL_SHOP,7100,0,0,0.7,UPI,2,7000
DN-12398,TIER_2,INDEPENDENT_HOUSE,2000,2100,2200,1.0,CASH,2,2350
DN-12399,TIER_2,INDEPENDENT_HOUSE,800,900,950,1.0,UPI,1,1050
DN-12400,TIER_1,APARTMENT_FLAT,1650,1850,2100,1.0,UPI,3,2300
DN-12401,TIER_1,APARTMENT_FLAT,3350,3650,3900,1.0,CASH,2,4100
DN-12402,TIER_3,COMMERCIAL_SHOP,950,1000,1100,1.0,CASH,3,1200
DN-12403,TIER_3,INDEPENDENT_HOUSE,600,700,800,0.9,CASH,4,900
DN-12404,TIER_2,INDEPENDENT_HOUSE,1800,1900,2150,1.0,CASH,2,2300
DN-12405,TIER_3,COMMERCIAL_SHOP,0,1250,1350,0.9,CASH,2,1550
DN-12406,TIER_1,INDEPENDENT_HOUSE,3250,3600,4000,1.0,CASH,3,4450
DN-12407,TIER_2,COMMERCIAL_SHOP,2650,2950,3300,1.0,CASH,4,3700
DN-12408,TIER_2,APARTMENT_FLAT,1300,1500,1650,1.0,UPI,4,1700
DN-12409,TIER_2,COMMERCIAL_SHOP,0,2800,3150,0.7,CASH,4,3100
DN-12410,TIER_1,APARTMENT_FLAT,2850,3150,3400,1.0,CASH,4,3550
DN-12411,TIER_3,INDEPENDENT_HOUSE,600,650,750,1.0,CASH,2,850
DN-12412,TIER_2,APARTMENT_FLAT,1000,1150,1250,1.0,CASH,2,1300
DN-12413,TIER_2,APARTMENT_FLAT,1200,1300,1500,1.0,CASH,2,1650
DN-12414,TIER_2,APARTMENT_FLAT,1000,1050,1100,1.0,UPI,2,1200
DN-12415,TIER_2,APARTMENT_FLAT,1200,1300,1400,1.0,UPI,2,1550
DN-12416,TIER_2,INDEPENDENT_HOUSE,1150,1300,1400,1.0,UPI,2,1600
DN-12417,TIER_2,INDEPENDENT_HOUSE,1700,1800,1900,1.0,CASH,4,2150
DN-12418,TIER_1,APARTMENT_FLAT,0,3350,0,0.4,UPI,1,2850
DN-12419,TIER_2,APARTMENT_FLAT,1900,2100,2250,1.0,CASH,3,2450
DN-12420,TIER_2,APARTMENT_FLAT,1000,1050,1200,0.7,UPI,3,1250
DN-12421,TIER_2,COMMERCIAL_SHOP,2500,2750,2950,1.0,CASH,2,3200
DN-12422,TIER_3,INDEPENDENT_HOUSE,800,850,950,1.0,CASH,2,1050
DN-12423,TIER_1,COMMERCIAL_SHOP,3650,4050,4300,1.0,UPI,3,4800
DN-12424,TIER_1,INDEPENDENT_HOUSE,2650,2750,3050,1.0,UPI,4,3450
DN-12425,TIER_2,INDEPENDENT_HOUSE,3550,3850,4100,1.0,UPI,1,4450
DN-12426,TIER_1,APARTMENT_FLAT,900,1000,1150,1.0,CASH,2,1200
DN-12427,TIER_3,INDEPENDENT_HOUSE,950,1000,0,0.4,CASH,2,850
DN-12428,TIER_2,APARTMENT_FLAT,3450,3700,4200,1.0,CASH,2,4750
DN-12429,TIER_2,INDEPENDENT_HOUSE,2100,2300,2450,0.9,UPI,2,2800
DN-12430,TIER_1,INDEPENDENT_HOUSE,3750,0,4150,0.9,UPI,3,4500
DN-12431,TIER_2,COMMERCIAL_SHOP,3450,3900,4150,1.0,UPI,3,4400
DN-12432,TIER_2,COMMERCIAL_SHOP,0,3850,4400,0.7,CASH,2,4550
DN-12433,TIER_2,APARTMENT_FLAT,1800,2000,2250,1.0,CASH,2,2350
DN-12434,TIER_1,APARTMENT_FLAT,1650,1800,2000,1.0,CASH,2,2200
DN-12435,TIER_3,APARTMENT_FLAT,600,650,750,1.0,UPI,4,850
DN-12436,TIER_2,APARTMENT_FLAT,450,500,550,1.0,UPI,1,600
DN-12437,TIER_1,APARTMENT_FLAT,4000,4350,0,0.7,CASH,2,4650
DN-12438,TIER_1,INDEPENDENT_HOUSE,4800,5050,5500,0.7,CASH,2,5850
DN-12439,TIER_1,APARTMENT_FLAT,0,0,4300,0.7,CASH,3,4250
DN-12440,TIER_2,INDEPENDENT_HOUSE,1900,2100,2250,1.0,UPI,3,2550
DN-12441,TIER_2,INDEPENDENT_HOUSE,4400,4850,5400,0.9,CASH,3,6150
DN-12442,TIER_2,COMMERCIAL_SHOP,1700,1800,1950,0.9,CASH,2,2050
DN-12443,TIER_3,APARTMENT_FLAT,2150,2400,0,0.7,CASH,2,2550
DN-12444,TIER_2,COMMERCIAL_SHOP,2850,3150,3500,1.0,CASH,2,3950
DN-12445,TIER_2,APARTMENT_FLAT,1700,1900,2050,1.0,UPI,2,2150
DN-12446,TIER_2,APARTMENT_FLAT,1150,1250,1450,1.0,CASH,4,1500
DN-12447,TIER_2,APARTMENT_FLAT,900,950,1000,1.0,UPI,1,1100
DN-12448,TIER_1,COMMERCIAL_SHOP,16900,19150,21200,1.0,CASH,3,23800
DN-12449,TIER_1,APARTMENT_FLAT,2200,2300,2400,1.0,UPI,1,2650
DN-12450,TIER_2,COMMERCIAL_SHOP,1350,1450,1650,1.0,UPI,2,1700
DN-12451,TIER_2,APARTMENT_FLAT,1150,1300,1500,1.0,UPI,2,1600
DN-12452,TIER_1,APARTMENT_FLAT,5150,5850,6150,1.0,UPI,2,6550
DN-12453,TIER_1,INDEPENDENT_HOUSE,3050,3300,3500,1.0,CASH,2,3950
DN-12454,TIER_1,COMMERCIAL_SHOP,6800,7500,8050,1.0,CASH,2,8700
DN-12455,TIER_3,CLINIC_PROFESSIONAL,1600,1750,2000,1.0,CASH,4,2100
DN-12456,TIER_3,INDEPENDENT_HOUSE,1250,1300,1450,1.0,CASH,1,1550
DN-12457,TIER_1,COMMERCIAL_SHOP,3700,3950,4450,1.0,CASH,4,4650
DN-12458,TIER_1,INDEPENDENT_HOUSE,3000,3250,3600,1.0,UPI,2,4000
DN-12459,TIER_2,INDEPENDENT_HOUSE,3700,4100,4400,1.0,CASH,2,4700
DN-12460,TIER_1,INDEPENDENT_HOUSE,0,5500,6100,0.7,UPI,2,6000
DN-12461,TIER_2,CLINIC_PROFESSIONAL,2150,2450,2750,1.0,CASH,3,2950
DN-12462,TIER_1,INDEPENDENT_HOUSE,1850,2100,2350,0.9,CASH,3,2550
DN-12463,TIER_2,COMMERCIAL_SHOP,4300,4550,5000,0.7,CASH,2,5150
DN-12464,TIER_1,APARTMENT_FLAT,2450,2800,2950,1.0,CASH,2,3300
DN-12465,TIER_1,APARTMENT_FLAT,3750,4200,4450,0.9,UPI,2,5000
DN-12466,TIER_3,COMMERCIAL_SHOP,800,850,900,0.7,CASH,2,900
DN-12467,TIER_2,APARTMENT_FLAT,1300,1400,1600,1.0,CASH,3,1850
DN-12468,TIER_3,INDEPENDENT_HOUSE,800,900,1000,0.9,UPI,2,1050
DN-12469,TIER_3,COMMERCIAL_SHOP,2000,2150,2450,1.0,CASH,2,2750
DN-12470,TIER_2,COMMERCIAL_SHOP,5850,6150,7050,1.0,UPI,2,7900
DN-12471,TIER_2,CLINIC_PROFESSIONAL,0,5900,0,0.4,CASH,2,4750
DN-12472,TIER_1,COMMERCIAL_SHOP,13250,15050,16450,1.0,CASH,3,18750
DN-12473,TIER_1,INDEPENDENT_HOUSE,2000,2100,2350,1.0,UPI,3,2450
DN-12474,TIER_2,APARTMENT_FLAT,1100,1200,1350,0.9,CASH,4,1550
DN-12475,TIER_3,APARTMENT_FLAT,550,600,0,0.9,CASH,4,650
DN-12476,TIER_3,APARTMENT_FLAT,700,750,800,1.0,UPI,2,850
DN-12477,TIER_1,INDEPENDENT_HOUSE,0,8950,10100,0.9,UPI,1,10850
DN-12478,TIER_3,APARTMENT_FLAT,1000,0,1100,0.7,CASH,2,1200
DN-12479,TIER_1,INDEPENDENT_HOUSE,3100,3500,3900,1.0,UPI,1,4400
DN-12480,TIER_2,INDEPENDENT_HOUSE,2200,2350,2500,0.9,CASH,3,2750
DN-12481,TIER_2,APARTMENT_FLAT,1500,0,0,0.4,CASH,1,1250
DN-12482,TIER_3,INDEPENDENT_HOUSE,750,800,900,1.0,CASH,2,950
DN-12483,TIER_2,INDEPENDENT_HOUSE,1050,1100,1200,1.0,CASH,2,1250
DN-12484,TIER_1,APARTMENT_FLAT,1800,2050,2300,1.0,UPI,1,2400
DN-12485,TIER_3,APARTMENT_FLAT,1000,1100,1250,1.0,CASH,2,1400
DN-12486,TIER_3,APARTMENT_FLAT,650,700,800,1.0,UPI,1,850
DN-12487,TIER_1,INDEPENDENT_HOUSE,6950,7600,8550,1.0,UPI,2,9600
DN-12488,TIER_2,APARTMENT_FLAT,1850,2000,2150,1.0,UPI,1,2400
DN-12489,TIER_2,COMMERCIAL_SHOP,1150,1200,1250,1.0,CASH,2,1450
DN-12490,TIER_1,APARTMENT_FLAT,2200,2500,2750,1.0,UPI,1,3050
DN-12491,TIER_1,APARTMENT_FLAT,2750,3000,3350,1.0,UPI,2,3650
DN-12492,TIER_3,APARTMENT_FLAT,650,750,850,0.7,CASH,2,900
DN-12493,TIER_2,APARTMENT_FLAT,1150,1200,1350,1.0,UPI,2,1500
DN-12494,TIER_2,INDEPENDENT_HOUSE,1950,2200,2450,0.7,UPI,3,2450
DN-12495,TIER_2,COMMERCIAL_SHOP,5650,6300,7050,0.9,UPI,3,7450
DN-12496,TIER_1,INDEPENDENT_HOUSE,3650,4050,4450,1.0,UPI,2,4950
DN-12497,TIER_2,INDEPENDENT_HOUSE,2150,2400,0,0.7,CASH,4,2350
DN-12498,TIER_1,APARTMENT_FLAT,0,3250,3550,0.9,CASH,4,3950
DN-12499,TIER_1,COMMERCIAL_SHOP,8000,8650,9300,1.0,CASH,4,10600
DN-12500,TIER_2,COMMERCIAL_SHOP,1900,2050,2200,0.9,CASH,4,2300
DN-12501,TIER_2,INDEPENDENT_HOUSE,1400,1450,1650,1.0,CASH,1,1850
DN-12502,TIER_3,APARTMENT_FLAT,1850,2100,2350,1.0,CASH,1,2550
DN-12503,TIER_2,APARTMENT_FLAT,1200,1250,1350,0.9,CASH,4,1400
DN-12504,TIER_3,CLINIC_PROFESSIONAL,0,0,0,0.4,UPI,2,800
DN-12505,TIER_3,COMMERCIAL_SHOP,1750,1900,2100,0.7,UPI,4,2100
DN-12506,TIER_2,INDEPENDENT_HOUSE,1850,2100,2250,1.0,UPI,3,2350
DN-12507,TIER_2,APARTMENT_FLAT,1500,1600,1850,1.0,UPI,1,2000
DN-12508,TIER_1,INDEPENDENT_HOUSE,1550,1650,1800,1.0,CASH,2,2050
DN-12509,TIER_2,INDEPENDENT_HOUSE,950,1050,1100,1.0,CASH,1,1200
DN-12510,TIER_2,APARTMENT_FLAT,850,900,1050,1.0,CASH,1,1100
DN-12511,TIER_2,COMMERCIAL_SHOP,1000,1100,1250,1.0,CASH,4,1350
DN-12512,TIER_1,APARTMENT_FLAT,4050,4600,5100,0.7,CASH,2,5250
DN-12513,TIER_1,APARTMENT_FLAT,3000,3150,3400,1.0,CASH,2,3600
DN-12514,TIER_3,CLINIC_PROFESSIONAL,1050,1150,1250,1.0,CASH,3,1350
DN-12515,TIER_3,COMMERCIAL_SHOP,1500,1700,1950,1.0,UPI,2,2200
DN-12516,TIER_2,INDEPENDENT_HOUSE,0,1150,1300,0.4,CASH,4,1100
DN-12517,TIER_1,INDEPENDENT_HOUSE,6950,7250,8150,0.9,UPI,3,9200
DN-12518,TIER_3,INDEPENDENT_HOUSE,1050,1200,0,0.4,CASH,2,1050
DN-12519,TIER_2,APARTMENT_FLAT,1300,1500,1700,0.9,UPI,3,1950
DN-12520,TIER_3,APARTMENT_FLAT,1150,1250,1400,1.0,CASH,3,1600
DN-12521,TIER_3,COMMERCIAL_SHOP,1400,1550,1700,1.0,CASH,1,1850
DN-12522,TIER_3,COMMERCIAL_SHOP,1000,1100,1200,0.9,UPI,3,1300
DN-12523,TIER_1,INDEPENDENT_HOUSE,1400,1450,1600,1.0,UPI,2,1750
DN-12524,TIER_2,INDEPENDENT_HOUSE,1650,1850,1950,0.9,UPI,1,2200
DN-12525,TIER_2,COMMERCIAL_SHOP,2150,2400,2600,1.0,CASH,3,2950
DN-12526,TIER_1,COMMERCIAL_SHOP,0,4100,4550,0.4,CASH,3,4000
DN-12527,TIER_2,APARTMENT_FLAT,1200,1350,1550,1.0,CASH,3,1750
DN-12528,TIER_2,INDEPENDENT_HOUSE,2300,2600,2850,1.0,UPI,2,3050
DN-12529,TIER_1,APARTMENT_FLAT,2350,2600,3000,1.0,UPI,2,3200
DN-12530,TIER_1,INDEPENDENT_HOUSE,6450,7250,8100,1.0,UPI,2,8750
DN-12531,TIER_1,APARTMENT_FLAT,3550,3900,4400,1.0,UPI,2,4650
DN-12532,TIER_1,APARTMENT_FLAT,5950,6250,6750,1.0,UPI,4,7250
DN-12533,TIER_2,APARTMENT_FLAT,1500,1650,1750,1.0,UPI,2,1950
DN-12534,TIER_1,APARTMENT_FLAT,0,0,1850,0.7,CASH,2,1850
DN-12535,TIER_3,CLINIC_PROFESSIONAL,1150,1200,0,0.7,CASH,4,1250
DN-12536,TIER_2,INDEPENDENT_HOUSE,1100,1150,1250,1.0,UPI,3,1400
DN-12537,TIER_1,COMMERCIAL_SHOP,4700,0,5050,0.7,CASH,2,5150
DN-12538,TIER_2,COMMERCIAL_SHOP,3250,3600,3800,1.0,CASH,3,4350
DN-12539,TIER_3,APARTMENT_FLAT,500,550,600,1.0,UPI,3,700
DN-12540,TIER_1,COMMERCIAL_SHOP,7100,7650,8150,1.0,UPI,2,9300
DN-12541,TIER_2,INDEPENDENT_HOUSE,3550,3950,4550,1.0,UPI,2,4950
DN-12542,TIER_1,INDEPENDENT_HOUSE,3650,4000,4550,1.0,CASH,2,4750
DN-12543,TIER_3,INDEPENDENT_HOUSE,1200,0,1300,0.7,UPI,4,1400
DN-12544,TIER_1,COMMERCIAL_SHOP,7450,8100,8700,0.7,UPI,1,9150
DN-12545,TIER_1,APARTMENT_FLAT,2000,2150,2450,1.0,UPI,3,2750
DN-12546,TIER_2,INDEPENDENT_HOUSE,1200,1350,1450,1.0,CASH,2,1650
DN-12547,TIER_3,APARTMENT_FLAT,850,950,1000,1.0,UPI,1,1100
DN-12548,TIER_3,CLINIC_PROFESSIONAL,650,700,750,1.0,CASH,2,850
DN-12549,TIER_2,COMMERCIAL_SHOP,5550,6100,6750,0.9,CHEQUE,1,7300
DN-12550,TIER_2,INDEPENDENT_HOUSE,2850,3250,3650,1.0,UPI,3,4050
DN-12551,TIER_3,INDEPENDENT_HOUSE,1050,1150,1200,1.0,UPI,2,1300
DN-12552,TIER_1,INDEPENDENT_HOUSE,3650,4100,4400,1.0,UPI,1,4900
DN-12553,TIER_2,APARTMENT_FLAT,2200,2400,2650,1.0,UPI,3,2950
DN-12554,TIER_3,APARTMENT_FLAT,700,750,850,0.7,CASH,2,900
DN-12555,TIER_2,COMMERCIAL_SHOP,2500,2700,2850,1.0,UPI,3,3150
DN-12556,TIER_2,INDEPENDENT_HOUSE,1700,1900,2100,1.0,CASH,1,2400
DN-12557,TIER_1,APARTMENT_FLAT,3750,4000,0,0.9,UPI,2,4550
DN-12558,TIER_1,APARTMENT_FLAT,4000,4400,4800,0.9,UPI,2,5450
DN-12559,TIER_2,APARTMENT_FLAT,1500,1650,1750,1.0,CASH,2,2000
DN-12560,TIER_1,INDEPENDENT_HOUSE,1650,1750,1850,1.0,UPI,3,1950
DN-12561,TIER_1,INDEPENDENT_HOUSE,7200,7850,8700,1.0,UPI,2,9600
DN-12562,TIER_2,APARTMENT_FLAT,900,950,1050,1.0,CASH,4,1200
DN-12563,TIER_1,APARTMENT_FLAT,7700,8450,9250,1.0,CASH,3,10250
DN-12564,TIER_2,APARTMENT_FLAT,4050,4350,4850,1.0,UPI,1,5500
DN-12565,TIER_2,APARTMENT_FLAT,1700,1900,2000,1.0,UPI,2,2200
DN-12566,TIER_2,APARTMENT_FLAT,750,850,950,1.0,CASH,2,1050
DN-12567,TIER_2,COMMERCIAL_SHOP,0,1950,0,0.7,CASH,2,1900
DN-12568,TIER_1,INDEPENDENT_HOUSE,4150,4550,4800,1.0,UPI,4,5150
DN-12569,TIER_2,APARTMENT_FLAT,1100,1250,1400,1.0,UPI,4,1600
DN-12570,TIER_3,INDEPENDENT_HOUSE,0,1650,1900,0.7,CASH,2,2000
DN-12571,TIER_2,INDEPENDENT_HOUSE,0,2350,0,0.7,CASH,4,2300
DN-12572,TIER_2,INDEPENDENT_HOUSE,1800,1950,2100,1.0,CASH,2,2200
DN-12573,TIER_1,APARTMENT_FLAT,2600,2700,2900,1.0,UPI,1,3050
DN-12574,TIER_3,INDEPENDENT_HOUSE,1300,1400,1550,0.9,UPI,4,1650
DN-12575,TIER_3,APARTMENT_FLAT,450,500,550,1.0,CASH,4,600
DN-12576,TIER_2,INDEPENDENT_HOUSE,1650,1800,2050,0.9,CASH,2,2150
DN-12577,TIER_3,APARTMENT_FLAT,450,500,550,1.0,UPI,3,600
DN-12578,TIER_2,INDEPENDENT_HOUSE,2000,2200,2300,0.9,UPI,2,2400
DN-12579,TIER_2,APARTMENT_FLAT,1400,1500,1650,1.0,UPI,1,1750
DN-12580,TIER_2,APARTMENT_FLAT,3300,3500,3950,0.7,UPI,2,4000
DN-12581,TIER_2,APARTMENT_FLAT,1550,1700,1850,1.0,CASH,3,1950
DN-12582,TIER_2,INDEPENDENT_HOUSE,2050,2250,2500,1.0,CASH,2,2600
DN-12583,TIER_1,INDEPENDENT_HOUSE,2450,2750,2900,1.0,UPI,2,3050
DN-12584,TIER_1,COMMERCIAL_SHOP,3700,3900,4100,1.0,UPI,4,4400
DN-12585,TIER_1,APARTMENT_FLAT,4600,5150,5650,1.0,UPI,1,5900
DN-12586,TIER_2,APARTMENT_FLAT,2950,3200,3600,1.0,UPI,2,3900
DN-12587,TIER_2,APARTMENT_FLAT,1550,1650,1850,1.0,CASH,1,1900
DN-12588,TIER_1,INDEPENDENT_HOUSE,3650,4100,4450,1.0,UPI,2,4650
DN-12589,TIER_1,APARTMENT_FLAT,1900,2000,2100,1.0,UPI,3,2300
DN-12590,TIER_2,COMMERCIAL_SHOP,950,1000,1100,1.0,CASH,1,1150
DN-12591,TIER_3,APARTMENT_FLAT,450,500,0,0.9,UPI,3,550
DN-12592,TIER_2,APARTMENT_FLAT,850,950,1000,1.0,UPI,3,1050
DN-12593,TIER_1,INDEPENDENT_HOUSE,0,4200,4450,0.7,UPI,2,4300
DN-12594,TIER_3,APARTMENT_FLAT,650,700,800,1.0,CASH,4,850
DN-12595,TIER_2,APARTMENT_FLAT,1300,1350,1550,1.0,UPI,3,1750
DN-12596,TIER_3,APARTMENT_FLAT,1200,1350,1500,1.0,CASH,2,1600
DN-12597,TIER_1,APARTMENT_FLAT,5250,5900,6600,1.0,UPI,4,7250
DN-12598,TIER_2,APARTMENT_FLAT,2850,3050,3200,1.0,UPI,1,3350
DN-12599,TIER_2,INDEPENDENT_HOUSE,5150,5400,5800,1.0,CASH,3,6100
DN-12600,TIER_1,INDEPENDENT_HOUSE,4600,4900,5550,1.0,UPI,2,6300
DN-12601,TIER_1,COMMERCIAL_SHOP,2500,2800,3200,0.7,UPI,2,3300
DN-12602,TIER_2,INDEPENDENT_HOUSE,950,1000,1050,1.0,UPI,3,1200
DN-12603,TIER_1,APARTMENT_FLAT,1950,2150,2450,1.0,UPI,2,2650
DN-12604,TIER_1,APARTMENT_FLAT,1600,1700,1850,1.0,CASH,1,2100
DN-12605,TIER_2,INDEPENDENT_HOUSE,1200,1300,1450,1.0,CASH,2,1550
DN-12606,TIER_3,INDEPENDENT_HOUSE,900,1000,1150,1.0,CASH,1,1300
DN-12607,TIER_3,APARTMENT_FLAT,800,900,1000,1.0,CASH,2,1100
DN-12608,TIER_2,COMMERCIAL_SHOP,4350,4550,4950,1.0,CASH,4,5150
DN-12609,TIER_1,INDEPENDENT_HOUSE,6850,7400,7950,1.0,UPI,3,9000
DN-12610,TIER_1,COMMERCIAL_SHOP,0,0,0,0.4,UPI,4,2550
DN-12611,TIER_2,INDEPENDENT_HOUSE,1350,1500,1700,0.9,CASH,3,1900
DN-12612,TIER_2,INDEPENDENT_HOUSE,2400,2600,2800,1.0,CASH,3,3150
DN-12613,TIER_1,CLINIC_PROFESSIONAL,3850,4300,4750,1.0,UPI,3,5100
DN-12614,TIER_2,INDEPENDENT_HOUSE,2000,2150,2350,0.9,CASH,2,2650
DN-12615,TIER_2,APARTMENT_FLAT,750,800,900,1.0,UPI,2,950
DN-12616,TIER_3,INDEPENDENT_HOUSE,0,1550,1700,0.4,CASH,1,1450
DN-12617,TIER_3,APARTMENT_FLAT,900,1000,1050,1.0,UPI,4,1100
DN-12618,TIER_1,APARTMENT_FLAT,1750,1950,2100,0.9,UPI,4,2300
DN-12619,TIER_2,APARTMENT_FLAT,1050,1150,1300,1.0,CASH,3,1400
DN-12620,TIER_3,COMMERCIAL_SHOP,1500,1650,0,0.7,CASH,2,1650
DN-12621,TIER_1,APARTMENT_FLAT,1550,1700,1800,0.9,UPI,2,1950
DN-12622,TIER_3,COMMERCIAL_SHOP,800,850,900,1.0,CASH,4,1000
DN-12623,TIER_3,APARTMENT_FLAT,500,550,600,1.0,UPI,4,650
DN-12624,TIER_2,COMMERCIAL_SHOP,2200,2400,2750,0.9,CASH,2,3000
DN-12625,TIER_1,APARTMENT_FLAT,3900,4050,4400,1.0,UPI,2,4950
DN-12626,TIER_1,APARTMENT_FLAT,3800,4100,4550,1.0,CASH,1,5050
DN-12627,TIER_1,APARTMENT_FLAT,3250,3400,3900,1.0,CASH,2,4050
DN-12628,TIER_1,INDEPENDENT_HOUSE,2400,2500,2650,0.9,UPI,4,3000
DN-12629,TIER_1,INDEPENDENT_HOUSE,2300,2550,0,0.7,UPI,3,2700
DN-12630,TIER_2,COMMERCIAL_SHOP,1300,1350,1550,1.0,UPI,2,1650
DN-12631,TIER_1,APARTMENT_FLAT,5500,5850,6250,0.9,CASH,2,6950
DN-12632,TIER_1,INDEPENDENT_HOUSE,2100,2300,2600,1.0,UPI,3,2700
DN-12633,TIER_1,APARTMENT_FLAT,1100,1150,1200,0.9,CASH,3,1300
DN-12634,TIER_1,COMMERCIAL_SHOP,6450,6800,7700,1.0,UPI,2,8200
DN-12635,TIER_2,INDEPENDENT_HOUSE,1600,1750,1950,1.0,CASH,3,2150
DN-12636,TIER_2,INDEPENDENT_HOUSE,1600,1750,1950,1.0,CASH,1,2150
DN-12637,TIER_2,APARTMENT_FLAT,1800,1950,2200,1.0,UPI,2,2350
DN-12638,TIER_2,INDEPENDENT_HOUSE,1850,2100,2350,1.0,UPI,2,2550
DN-12639,TIER_1,COMMERCIAL_SHOP,3950,4400,4650,0.9,CASH,4,5300
DN-12640,TIER_2,INDEPENDENT_HOUSE,0,0,0,0.4,CASH,1,800
DN-12641,TIER_2,COMMERCIAL_SHOP,2450,2650,2800,1.0,UPI,1,3100
DN-12642,TIER_2,APARTMENT_FLAT,2200,2350,2600,1.0,CASH,2,2900
DN-12643,TIER_3,APARTMENT_FLAT,1350,1400,1500,0.9,CASH,1,1700
DN-12644,TIER_1,APARTMENT_FLAT,2950,3250,3500,0.9,UPI,2,3700
DN-12645,TIER_2,APARTMENT_FLAT,1800,1950,2050,1.0,UPI,2,2200
DN-12646,TIER_1,INDEPENDENT_HOUSE,2800,2950,3300,1.0,CASH,2,3700
DN-12647,TIER_2,APARTMENT_FLAT,1650,1800,0,0.7,CASH,1,1900
DN-12648,TIER_2,COMMERCIAL_SHOP,3000,3350,3750,1.0,CASH,2,4050
DN-12649,TIER_1,COMMERCIAL_SHOP,4650,4850,5200,1.0,UPI,4,5750
DN-12650,TIER_3,COMMERCIAL_SHOP,1350,1500,1700,0.9,UPI,2,1750
DN-12651,TIER_1,APARTMENT_FLAT,10550,11750,13050,1.0,UPI,2,13600
DN-12652,TIER_3,COMMERCIAL_SHOP,1100,1200,1350,0.9,CASH,2,1450
DN-12653,TIER_1,APARTMENT_FLAT,1600,1750,2000,0.9,CASH,3,2200
DN-12654,TIER_3,APARTMENT_FLAT,650,700,0,0.9,CASH,1,800
DN-12655,TIER_2,INDEPENDENT_HOUSE,1400,1600,1750,0.9,UPI,4,1900
DN-12656,TIER_1,INDEPENDENT_HOUSE,4400,4600,5150,1.0,UPI,4,5750
DN-12657,TIER_1,CLINIC_PROFESSIONAL,3900,4150,4650,0.9,UPI,2,4950
DN-12658,TIER_1,APARTMENT_FLAT,3600,4050,4350,1.0,UPI,4,4750
DN-12659,TIER_1,APARTMENT_FLAT,2050,2300,2600,1.0,UPI,2,2850
DN-12660,TIER_2,APARTMENT_FLAT,0,0,950,0.7,CASH,4,950
DN-12661,TIER_1,APARTMENT_FLAT,2300,2400,2550,1.0,UPI,3,2900
DN-12662,TIER_1,APARTMENT_FLAT,1800,0,1950,0.7,CASH,2,1950
DN-12663,TIER_2,APARTMENT_FLAT,1900,2100,2300,1.0,CASH,1,2450
DN-12664,TIER_2,APARTMENT_FLAT,2000,2250,2500,1.0,CASH,4,2850
DN-12665,TIER_2,APARTMENT_FLAT,1900,2100,2300,1.0,CASH,1,2450
DN-12666,TIER_2,APARTMENT_FLAT,3550,3750,4000,1.0,CASH,1,4150
DN-12667,TIER_2,APARTMENT_FLAT,1850,1950,2150,1.0,UPI,4,2400
DN-12668,TIER_1,COMMERCIAL_SHOP,3050,3300,3650,1.0,UPI,2,4100
DN-12669,TIER_2,APARTMENT_FLAT,2250,2400,2700,1.0,UPI,2,3050
DN-12670,TIER_1,APARTMENT_FLAT,1450,1600,1750,0.9,UPI,2,1850
DN-12671,TIER_3,INDEPENDENT_HOUSE,950,1000,1150,1.0,CASH,4,1250
DN-12672,TIER_1,INDEPENDENT_HOUSE,4650,4850,5550,1.0,CASH,3,6300
DN-12673,TIER_1,APARTMENT_FLAT,3150,3450,3700,1.0,CASH,4,3900
DN-12674,TIER_2,INDEPENDENT_HOUSE,1800,1900,2000,1.0,CASH,4,2100
DN-12675,TIER_2,APARTMENT_FLAT,1150,1300,1400,0.9,UPI,1,1500
DN-12676,TIER_2,INDEPENDENT_HOUSE,1700,1850,2000,1.0,CASH,3,2200
DN-12677,TIER_2,CLINIC_PROFESSIONAL,2200,2300,2550,1.0,UPI,1,2900
DN-12678,TIER_3,APARTMENT_FLAT,850,950,1050,1.0,CASH,2,1100
DN-12679,TIER_2,INDEPENDENT_HOUSE,1850,2100,2250,0.9,CASH,1,2350
DN-12680,TIER_2,APARTMENT_FLAT,1400,1550,1650,1.0,UPI,3,1800
DN-12681,TIER_2,APARTMENT_FLAT,0,0,0,0.4,CASH,1,1550
DN-12682,TIER_3,APARTMENT_FLAT,1200,1350,1550,0.9,UPI,3,1600
DN-12683,TIER_2,APARTMENT_FLAT,1300,1450,1550,1.0,CASH,3,1650
DN-12684,TIER_1,COMMERCIAL_SHOP,2850,3050,3350,1.0,UPI,4,3750
DN-12685,TIER_2,CLINIC_PROFESSIONAL,2300,2500,2650,1.0,CASH,1,2950
DN-12686,TIER_3,APARTMENT_FLAT,300,300,350,0.9,UPI,3,400
DN-12687,TIER_2,COMMERCIAL_SHOP,3700,3950,4400,1.0,UPI,1,4700
DN-12688,TIER_1,APARTMENT_FLAT,1550,1650,1850,1.0,CASH,4,1950
DN-12689,TIER_3,APARTMENT_FLAT,650,750,850,1.0,CASH,3,950
DN-12690,TIER_1,APARTMENT_FLAT,2800,2950,3150,1.0,UPI,2,3500
DN-12691,TIER_2,APARTMENT_FLAT,1200,0,1300,0.7,CASH,3,1400
DN-12692,TIER_1,APARTMENT_FLAT,1100,1200,1400,1.0,UPI,4,1450
DN-12693,TIER_1,APARTMENT_FLAT,8250,0,0,0.4,CASH,1,7200
DN-12694,TIER_3,APARTMENT_FLAT,1000,1100,1200,1.0,UPI,2,1300
DN-12695,TIER_1,COMMERCIAL_SHOP,0,3900,4200,0.7,UPI,2,4100
DN-12696,TIER_2,APARTMENT_FLAT,2000,2250,0,0.7,UPI,4,2200
DN-12697,TIER_2,APARTMENT_FLAT,2800,2950,3350,1.0,UPI,3,3650
DN-12698,TIER_1,APARTMENT_FLAT,2250,2400,2700,0.9,UPI,4,2850
DN-12699,TIER_2,APARTMENT_FLAT,2250,2350,2450,1.0,CASH,2,2550
DN-12700,TIER_2,CLINIC_PROFESSIONAL,3600,3750,4050,1.0,CASH,1,4450
DN-12701,TIER_2,CLINIC_PROFESSIONAL,3800,3950,4150,1.0,CASH,3,4500
DN-12702,TIER_2,CLINIC_PROFESSIONAL,3350,3650,4050,1.0,CASH,4,4250
DN-12703,TIER_2,APARTMENT_FLAT,1250,1300,1450,1.0,CASH,2,1650
DN-12704,TIER_3,COMMERCIAL_SHOP,1150,1250,1350,1.0,CASH,2,1500
DN-12705,TIER_1,CLINIC_PROFESSIONAL,6400,7300,7850,1.0,CASH,1,8500
DN-12706,TIER_3,COMMERCIAL_SHOP,1100,1250,1300,0.9,UPI,3,1500
DN-12707,TIER_2,APARTMENT_FLAT,3800,4100,4300,1.0,UPI,2,4650
DN-12708,TIER_2,INDEPENDENT_HOUSE,1900,2050,2300,1.0,UPI,4,2600
DN-12709,TIER_2,INDEPENDENT_HOUSE,2300,2500,2750,0.9,UPI,1,3050
DN-12710,TIER_2,COMMERCIAL_SHOP,2250,2500,2750,0.9,UPI,2,2850
DN-12711,TIER_2,APARTMENT_FLAT,1100,1150,1250,1.0,UPI,2,1400
DN-12712,TIER_2,APARTMENT_FLAT,1850,2000,2100,1.0,CASH,2,2400
DN-12713,TIER_2,APARTMENT_FLAT,1950,2150,2400,1.0,UPI,1,2550
DN-12714,TIER_2,APARTMENT_FLAT,1550,1700,1850,1.0,UPI,4,2100
DN-12715,TIER_3,APARTMENT_FLAT,500,550,600,1.0,UPI,2,600
DN-12716,TIER_1,APARTMENT_FLAT,1900,2100,2350,0.9,UPI,4,2550
DN-12717,TIER_2,COMMERCIAL_SHOP,1600,1750,1950,1.0,UPI,3,2200
DN-12718,TIER_1,APARTMENT_FLAT,0,2400,2650,0.7,UPI,2,2700
DN-12719,TIER_2,INDEPENDENT_HOUSE,900,0,950,0.9,UPI,2,1000
DN-12720,TIER_1,INDEPENDENT_HOUSE,1700,1850,2100,1.0,CASH,3,2350
DN-12721,TIER_1,APARTMENT_FLAT,3600,3750,4100,1.0,CASH,4,4600
DN-12722,TIER_1,APARTMENT_FLAT,7450,8250,8700,0.9,CASH,4,9200
DN-12723,TIER_3,COMMERCIAL_SHOP,1550,1650,0,0.7,CASH,2,1700
DN-12724,TIER_1,APARTMENT_FLAT,1850,0,2100,0.7,UPI,2,2050
DN-12725,TIER_2,APARTMENT_FLAT,800,0,0,0.4,UPI,2,700
DN-12726,TIER_2,INDEPENDENT_HOUSE,1750,2000,2250,0.7,UPI,3,2200
DN-12727,TIER_3,APARTMENT_FLAT,900,1000,1050,1.0,CASH,3,1150
DN-12728,TIER_3,APARTMENT_FLAT,300,300,300,1.0,UPI,2,350
DN-12729,TIER_2,APARTMENT_FLAT,2450,0,2750,0.9,CASH,2,2850
DN-12730,TIER_3,APARTMENT_FLAT,1550,1750,1950,0.9,CASH,1,2200
DN-12731,TIER_2,INDEPENDENT_HOUSE,3850,4350,4900,0.9,UPI,2,5500
DN-12732,TIER_2,APARTMENT_FLAT,1700,1850,2000,1.0,CASH,2,2100
DN-12733,TIER_1,INDEPENDENT_HOUSE,4200,4450,5100,0.9,UPI,1,5500
DN-12734,TIER_2,CLINIC_PROFESSIONAL,1250,1400,1500,1.0,CASH,4,1600
DN-12735,TIER_2,APARTMENT_FLAT,1600,1800,0,0.9,CASH,2,1950
DN-12736,TIER_3,APARTMENT_FLAT,1300,0,0,0.9,UPI,1,1450
DN-12737,TIER_3,COMMERCIAL_SHOP,1150,1250,1400,1.0,CASH,2,1450
DN-12738,TIER_1,APARTMENT_FLAT,2200,2500,2850,1.0,UPI,2,3050
DN-12739,TIER_3,APARTMENT_FLAT,600,700,800,1.0,CASH,3,900
DN-12740,TIER_1,APARTMENT_FLAT,2200,2400,2650,1.0,UPI,4,2850
DN-12741,TIER_2,INDEPENDENT_HOUSE,1250,0,1400,0.7,UPI,2,1450
DN-12742,TIER_1,INDEPENDENT_HOUSE,1250,1400,1550,1.0,CASH,4,1700
DN-12743,TIER_1,APARTMENT_FLAT,850,900,1000,0.9,UPI,3,1100
DN-12744,TIER_3,INDEPENDENT_HOUSE,2050,2300,2600,0.4,CASH,2,2200
DN-12745,TIER_1,INDEPENDENT_HOUSE,3450,3800,4150,1.0,UPI,2,4400
DN-12746,TIER_2,COMMERCIAL_SHOP,1400,1450,1600,1.0,CASH,2,1700
DN-12747,TIER_2,COMMERCIAL_SHOP,0,0,2850,0.7,UPI,3,2850
DN-12748,TIER_1,INDEPENDENT_HOUSE,950,1100,1200,1.0,UPI,2,1300
DN-12749,TIER_1,INDEPENDENT_HOUSE,5500,6250,6850,1.0,UPI,4,7800
DN-12750,TIER_2,INDEPENDENT_HOUSE,1300,1350,1550,1.0,CASH,2,1700
DN-12751,TIER_1,APARTMENT_FLAT,3050,3450,3900,1.0,UPI,2,4400
DN-12752,TIER_2,INDEPENDENT_HOUSE,6650,7400,8300,1.0,UPI,3,8750
DN-12753,TIER_2,INDEPENDENT_HOUSE,3550,4000,4500,0.9,CASH,2,4650
DN-12754,TIER_2,INDEPENDENT_HOUSE,1150,1250,1350,1.0,UPI,2,1500
DN-12755,TIER_2,APARTMENT_FLAT,0,0,1250,0.7,UPI,4,1250
DN-12756,TIER_1,APARTMENT_FLAT,2250,2550,2800,1.0,UPI,2,3000
DN-12757,TIER_1,APARTMENT_FLAT,2350,2600,2800,1.0,CASH,4,3000
DN-12758,TIER_2,APARTMENT_FLAT,1650,1750,1900,1.0,UPI,2,1950
DN-12759,TIER_3,INDEPENDENT_HOUSE,0,0,0,0.7,CASH,1,600
DN-12760,TIER_1,APARTMENT_FLAT,2050,2300,2600,0.7,CASH,2,2750
DN-12761,TIER_2,COMMERCIAL_SHOP,1300,1350,1500,1.0,UPI,2,1700
DN-12762,TIER_2,COMMERCIAL_SHOP,3800,4050,4500,1.0,UPI,2,4700
DN-12763,TIER_3,APARTMENT_FLAT,950,1000,1150,0.9,CASH,2,1250
DN-12764,TIER_2,COMMERCIAL_SHOP,0,0,0,0.4,CASH,3,10250
DN-12765,TIER_1,INDEPENDENT_HOUSE,4250,0,4600,0.7,UPI,1,4700
DN-12766,TIER_2,COMMERCIAL_SHOP,2600,2900,3100,0.7,CASH,4,3100
DN-12767,TIER_3,INDEPENDENT_HOUSE,1400,1500,1700,1.0,CASH,2,1850
DN-12768,TIER_1,APARTMENT_FLAT,2400,2650,3000,1.0,UPI,3,3200
DN-12769,TIER_3,COMMERCIAL_SHOP,3250,3650,4150,0.9,UPI,3,4700
DN-12770,TIER_1,CLINIC_PROFESSIONAL,2000,2250,2450,1.0,CASH,2,2600
DN-12771,TIER_2,APARTMENT_FLAT,2050,2150,2450,1.0,CASH,1,2750
DN-12772,TIER_3,APARTMENT_FLAT,350,400,450,1.0,UPI,4,500
DN-12773,TIER_1,APARTMENT_FLAT,2250,2450,2700,0.9,UPI,2,2900
DN-12774,TIER_1,COMMERCIAL_SHOP,5700,6100,6850,1.0,UPI,3,7650
DN-12775,TIER_2,APARTMENT_FLAT,1400,1550,1650,0.9,UPI,4,1900
DN-12776,TIER_1,CLINIC_PROFESSIONAL,3700,4050,4600,1.0,UPI,2,5150
DN-12777,TIER_2,COMMERCIAL_SHOP,4050,4500,4850,1.0,CASH,2,5200
DN-12778,TIER_2,INDEPENDENT_HOUSE,1850,2000,2250,1.0,CASH,3,2550
DN-12779,TIER_2,APARTMENT_FLAT,1600,1750,1900,1.0,UPI,2,2150
DN-12780,TIER_3,APARTMENT_FLAT,600,650,750,1.0,UPI,2,850
DN-12781,TIER_3,INDEPENDENT_HOUSE,500,550,600,1.0,CASH,2,700
DN-12782,TIER_2,APARTMENT_FLAT,950,1000,1050,1.0,UPI,1,1150
DN-12783,TIER_1,INDEPENDENT_HOUSE,2350,2600,2800,0.9,UPI,2,3000
DN-12784,TIER_1,COMMERCIAL_SHOP,4150,4600,5150,1.0,UPI,2,5750
DN-12785,TIER_2,APARTMENT_FLAT,600,700,800,1.0,CASH,2,850
DN-12786,TIER_2,COMMERCIAL_SHOP,2400,0,0,0.4,UPI,2,2050
DN-12787,TIER_1,COMMERCIAL_SHOP,4700,5200,5550,1.0,CASH,2,5850
DN-12788,TIER_2,APARTMENT_FLAT,2750,2950,3250,1.0,CASH,4,3450
DN-12789,TIER_1,APARTMENT_FLAT,2950,3300,3600,1.0,CASH,2,4050
DN-12790,TIER_2,APARTMENT_FLAT,2400,2600,2900,1.0,UPI,1,3300
DN-12791,TIER_1,APARTMENT_FLAT,1650,1850,2000,1.0,UPI,3,2250
DN-12792,TIER_2,APARTMENT_FLAT,4850,5400,5850,0.9,CASH,3,6650
DN-12793,TIER_2,CLINIC_PROFESSIONAL,2100,2300,2550,1.0,CASH,3,2850
DN-12794,TIER_1,CLINIC_PROFESSIONAL,2500,2700,3050,1.0,UPI,2,3500
DN-12795,TIER_3,INDEPENDENT_HOUSE,1250,1400,1500,1.0,UPI,3,1650
DN-12796,TIER_3,CLINIC_PROFESSIONAL,1700,1800,2050,1.0,CASH,3,2350
DN-12797,TIER_2,CLINIC_PROFESSIONAL,900,1000,1150,1.0,CASH,3,1250
DN-12798,TIER_2,APARTMENT_FLAT,1050,1100,1200,1.0,CASH,2,1250
DN-12799,TIER_2,INDEPENDENT_HOUSE,2400,2550,2900,0.9,UPI,4,3050
DN-12800,TIER_2,APARTMENT_FLAT,1450,1500,1600,1.0,UPI,1,1750
DN-12801,TIER_2,INDEPENDENT_HOUSE,2200,2400,2600,1.0,CASH,2,2850
DN-12802,TIER_1,APARTMENT_FLAT,2100,2350,2650,1.0,UPI,2,2800
DN-12803,TIER_2,INDEPENDENT_HOUSE,2350,2600,2900,1.0,UPI,4,3250
DN-12804,TIER_2,APARTMENT_FLAT,2200,2450,2700,0.9,UPI,1,2950
DN-12805,TIER_2,COMMERCIAL_SHOP,2050,2250,2500,1.0,UPI,2,2800
DN-12806,TIER_2,APARTMENT_FLAT,1150,1250,1400,1.0,CASH,2,1600
DN-12807,TIER_2,INDEPENDENT_HOUSE,2450,2650,2900,1.0,CASH,2,3100
DN-12808,TIER_1,COMMERCIAL_SHOP,2250,2550,2900,1.0,CASH,1,3050
DN-12809,TIER_2,INDEPENDENT_HOUSE,2400,2650,3050,1.0,UPI,1,3500
DN-12810,TIER_2,INDEPENDENT_HOUSE,1800,2050,2200,1.0,UPI,4,2350
DN-12811,TIER_2,INDEPENDENT_HOUSE,1900,0,0,0.4,CASH,2,1550
DN-12812,TIER_2,APARTMENT_FLAT,1050,1200,1350,1.0,CASH,3,1550
DN-12813,TIER_1,INDEPENDENT_HOUSE,4650,5200,5650,1.0,CASH,2,6200
DN-12814,TIER_1,INDEPENDENT_HOUSE,2050,2250,2450,1.0,CASH,1,2800
DN-12815,TIER_3,APARTMENT_FLAT,800,900,950,0.9,CASH,1,1000
DN-12816,TIER_3,APARTMENT_FLAT,1050,1100,1200,0.9,CASH,2,1350
DN-12817,TIER_2,COMMERCIAL_SHOP,2850,3050,0,0.9,CASH,2,3400
DN-12818,TIER_1,APARTMENT_FLAT,2900,3200,3550,1.0,CASH,1,3750
DN-12819,TIER_2,COMMERCIAL_SHOP,1100,1200,1350,1.0,CASH,3,1550
DN-12820,TIER_3,APARTMENT_FLAT,2200,2500,2750,1.0,CASH,4,3150
DN-12821,TIER_3,COMMERCIAL_SHOP,0,0,0,0.4,UPI,1,1700
DN-12822,TIER_2,INDEPENDENT_HOUSE,0,0,0,0.7,CASH,2,850
DN-12823,TIER_2,APARTMENT_FLAT,2650,2850,3100,1.0,UPI,2,3250
DN-12824,TIER_2,INDEPENDENT_HOUSE,1450,1550,1750,1.0,CASH,4,1900
DN-12825,TIER_2,INDEPENDENT_HOUSE,1900,2050,2250,1.0,UPI,3,2400
DN-12826,TIER_1,APARTMENT_FLAT,0,3800,4000,0.7,UPI,1,3950
DN-12827,TIER_2,APARTMENT_FLAT,2200,2400,2700,1.0,CASH,4,3050
DN-12828,TIER_3,INDEPENDENT_HOUSE,550,600,650,0.9,CASH,2,750
DN-12829,TIER_2,COMMERCIAL_SHOP,1600,1750,2000,1.0,UPI,4,2250
DN-12830,TIER_3,APARTMENT_FLAT,900,1000,1100,1.0,CASH,2,1250
DN-12831,TIER_1,COMMERCIAL_SHOP,6850,7450,8100,1.0,UPI,2,8400
DN-12832,TIER_2,COMMERCIAL_SHOP,1400,1550,1650,1.0,UPI,2,1800
DN-12833,TIER_2,APARTMENT_FLAT,1200,1350,1450,1.0,CASH,4,1600
DN-12834,TIER_1,APARTMENT_FLAT,4250,4600,5050,1.0,UPI,2,5400
DN-12835,TIER_2,APARTMENT_FLAT,1600,1700,1900,1.0,UPI,1,2100
DN-12836,TIER_2,COMMERCIAL_SHOP,2400,2600,2900,0.9,CASH,1,3150
DN-12837,TIER_3,INDEPENDENT_HOUSE,900,950,1050,0.9,CASH,1,1100
DN-12838,TIER_2,INDEPENDENT_HOUSE,1250,1400,1550,0.9,CASH,4,1700
DN-12839,TIER_1,INDEPENDENT_HOUSE,6200,6800,7800,1.0,CASH,3,8700
DN-12840,TIER_2,INDEPENDENT_HOUSE,1750,1900,0,0.9,UPI,1,2050
DN-12841,TIER_3,APARTMENT_FLAT,1050,1150,1200,1.0,CASH,1,1300
DN-12842,TIER_2,APARTMENT_FLAT,1200,1300,1400,1.0,UPI,2,1500
DN-12843,TIER_2,APARTMENT_FLAT,1800,2050,2350,1.0,CASH,3,2650
DN-12844,TIER_1,INDEPENDENT_HOUSE,5050,5600,6050,1.0,UPI,1,6900
DN-12845,TIER_3,INDEPENDENT_HOUSE,0,1500,1600,0.7,CASH,1,1600
DN-12846,TIER_2,APARTMENT_FLAT,1200,0,1350,0.9,CASH,4,1400
DN-12847,TIER_2,INDEPENDENT_HOUSE,2850,3150,3450,1.0,UPI,4,3650
DN-12848,TIER_3,APARTMENT_FLAT,300,300,350,0.9,CASH,2,400
DN-12849,TIER_1,INDEPENDENT_HOUSE,1700,1850,2050,0.9,UPI,2,2350
DN-12850,TIER_3,INDEPENDENT_HOUSE,1100,1200,0,0.9,CASH,3,1350
DN-12851,TIER_1,APARTMENT_FLAT,2700,0,3000,0.7,UPI,2,2900
DN-12852,TIER_2,INDEPENDENT_HOUSE,2300,2600,2800,0.9,UPI,2,2950
DN-12853,TIER_1,COMMERCIAL_SHOP,6200,6700,7650,1.0,CASH,2,8400
DN-12854,TIER_2,APARTMENT_FLAT,700,750,850,0.9,UPI,3,950
DN-12855,TIER_1,COMMERCIAL_SHOP,5150,5800,0,0.9,UPI,2,6450
DN-12856,TIER_2,APARTMENT_FLAT,800,900,1000,0.9,CASH,2,1050
DN-12857,TIER_1,INDEPENDENT_HOUSE,3650,4100,4650,0.9,UPI,3,4800
DN-12858,TIER_2,APARTMENT_FLAT,1850,2000,2250,1.0,CASH,1,2550
DN-12859,TIER_1,INDEPENDENT_HOUSE,0,3800,4150,0.7,UPI,2,4050
DN-12860,TIER_2,INDEPENDENT_HOUSE,1250,1350,1400,1.0,UPI,2,1600
DN-12861,TIER_3,APARTMENT_FLAT,0,0,450,0.4,CASH,2,400
DN-12862,TIER_3,COMMERCIAL_SHOP,1450,1500,1600,0.9,CASH,4,1750
DN-12863,TIER_2,APARTMENT_FLAT,1450,1600,1800,1.0,UPI,4,2050
DN-12864,TIER_2,COMMERCIAL_SHOP,4150,4600,4950,1.0,UPI,2,5250
DN-12865,TIER_1,APARTMENT_FLAT,2950,3150,3600,1.0,UPI,2,4100
DN-12866,TIER_3,APARTMENT_FLAT,500,550,600,1.0,CASH,4,650
DN-12867,TIER_3,APARTMENT_FLAT,950,1000,1100,1.0,CASH,2,1200
DN-12868,TIER_3,APARTMENT_FLAT,1100,0,1200,0.9,CASH,4,1350
DN-12869,TIER_2,APARTMENT_FLAT,1550,1750,1950,1.0,CASH,3,2100
DN-12870,TIER_2,APARTMENT_FLAT,900,950,1050,1.0,CASH,3,1100
DN-12871,TIER_2,CLINIC_PROFESSIONAL,1850,1950,2050,1.0,UPI,4,2200
DN-12872,TIER_2,INDEPENDENT_HOUSE,2100,2200,2400,0.9,UPI,2,2700
DN-12873,TIER_3,COMMERCIAL_SHOP,2000,2100,2200,1.0,CASH,2,2350
DN-12874,TIER_1,APARTMENT_FLAT,2550,2700,2850,1.0,UPI,4,3100
DN-12875,TIER_2,INDEPENDENT_HOUSE,1300,1450,1550,1.0,CASH,1,1700
DN-12876,TIER_3,APARTMENT_FLAT,500,550,600,0.9,CASH,2,650
DN-12877,TIER_1,APARTMENT_FLAT,4950,5550,6400,1.0,UPI,3,6900
DN-12878,TIER_1,INDEPENDENT_HOUSE,3550,3900,4150,0.7,UPI,3,4100
DN-12879,TIER_3,APARTMENT_FLAT,1000,1050,1100,1.0,CASH,4,1200
DN-12880,TIER_2,APARTMENT_FLAT,850,950,1000,0.7,CASH,4,1000
DN-12881,TIER_1,APARTMENT_FLAT,3400,3850,4400,1.0,UPI,2,4950
DN-12882,TIER_1,COMMERCIAL_SHOP,7200,7900,8950,1.0,UPI,1,9250
DN-12883,TIER_2,APARTMENT_FLAT,1550,1650,1900,0.7,UPI,3,1950
DN-12884,TIER_1,INDEPENDENT_HOUSE,8100,8600,9550,1.0,UPI,2,10750
DN-12885,TIER_1,INDEPENDENT_HOUSE,6000,6450,7300,1.0,CASH,4,8250
DN-12886,TIER_3,INDEPENDENT_HOUSE,1000,1150,0,0.7,CASH,3,1150
DN-12887,TIER_1,INDEPENDENT_HOUSE,3800,4000,4550,1.0,UPI,2,5150
DN-12888,TIER_1,INDEPENDENT_HOUSE,7850,8650,9650,1.0,UPI,2,10150
DN-12889,TIER_3,APARTMENT_FLAT,1300,1400,1600,1.0,UPI,2,1750
DN-12890,TIER_2,APARTMENT_FLAT,650,700,800,1.0,CASH,3,850
DN-12891,TIER_2,APARTMENT_FLAT,1800,2000,2250,1.0,CASH,2,2500
DN-12892,TIER_2,APARTMENT_FLAT,2500,2700,2900,1.0,UPI,3,3100
DN-12893,TIER_1,INDEPENDENT_HOUSE,5750,6250,6950,1.0,UPI,4,7700
DN-12894,TIER_2,INDEPENDENT_HOUSE,4550,4900,5150,1.0,CASH,1,5400
DN-12895,TIER_2,APARTMENT_FLAT,1050,1150,1200,1.0,CASH,4,1300
DN-12896,TIER_2,COMMERCIAL_SHOP,2700,2900,3300,1.0,CASH,3,3500
DN-12897,TIER_3,INDEPENDENT_HOUSE,1050,1150,1300,1.0,CASH,4,1400
DN-12898,TIER_1,CLINIC_PROFESSIONAL,7000,7400,7850,1.0,CASH,4,8250
DN-12899,TIER_1,COMMERCIAL_SHOP,3750,4100,4300,1.0,CASH,2,4700
DN-12900,TIER_3,COMMERCIAL_SHOP,1800,1900,2100,1.0,CASH,3,2250
DN-12901,TIER_1,APARTMENT_FLAT,2650,2950,3150,1.0,UPI,3,3450
DN-12902,TIER_1,APARTMENT_FLAT,1950,0,2250,0.9,UPI,2,2550
DN-12903,TIER_1,COMMERCIAL_SHOP,4450,4800,5350,1.0,UPI,4,5900
DN-12904,TIER_1,INDEPENDENT_HOUSE,3300,3650,4100,1.0,CASH,2,4300
DN-12905,TIER_1,INDEPENDENT_HOUSE,2000,2100,2300,0.7,CASH,3,2450
DN-12906,TIER_3,INDEPENDENT_HOUSE,450,500,550,1.0,UPI,3,550
DN-12907,TIER_2,APARTMENT_FLAT,1350,1500,1650,1.0,UPI,1,1850
DN-12908,TIER_1,INDEPENDENT_HOUSE,0,2450,2800,0.7,UPI,4,2950
DN-12909,TIER_1,APARTMENT_FLAT,2450,2650,2950,1.0,UPI,4,3200
DN-12910,TIER_1,APARTMENT_FLAT,1050,1200,1350,0.9,UPI,2,1400
DN-12911,TIER_2,APARTMENT_FLAT,1100,1200,1300,0.9,CASH,2,1350
DN-12912,TIER_3,APARTMENT_FLAT,0,1400,1550,0.7,CASH,2,1600
DN-12913,TIER_2,APARTMENT_FLAT,1300,1400,0,0.9,CASH,2,1550
DN-12914,TIER_1,INDEPENDENT_HOUSE,2000,2250,2350,1.0,UPI,3,2600
DN-12915,TIER_1,COMMERCIAL_SHOP,7900,8650,0,0.9,CASH,4,9900
DN-12916,TIER_1,APARTMENT_FLAT,3100,3300,3500,1.0,UPI,2,3900
DN-12917,TIER_2,APARTMENT_FLAT,1600,1800,1950,1.0,CASH,2,2050
DN-12918,TIER_3,APARTMENT_FLAT,950,1050,1200,0.9,CASH,2,1300
DN-12919,TIER_3,APARTMENT_FLAT,550,600,650,1.0,UPI,2,750
DN-12920,TIER_3,APARTMENT_FLAT,1150,1250,1350,1.0,CASH,3,1500
DN-12921,TIER_2,COMMERCIAL_SHOP,2600,2900,0,0.7,CASH,3,3050
DN-12922,TIER_1,CLINIC_PROFESSIONAL,5050,5700,6400,1.0,UPI,2,6950
DN-12923,TIER_1,APARTMENT_FLAT,2650,2900,3100,1.0,CASH,2,3300
DN-12924,TIER_3,INDEPENDENT_HOUSE,1400,1450,1650,1.0,CASH,1,1800
DN-12925,TIER_3,INDEPENDENT_HOUSE,750,850,950,0.7,CASH,4,1000
DN-12926,TIER_3,APARTMENT_FLAT,0,0,0,0.4,CASH,1,650
DN-12927,TIER_1,INDEPENDENT_HOUSE,3300,3750,4200,1.0,UPI,2,4700
DN-12928,TIER_1,APARTMENT_FLAT,4000,4300,4900,1.0,CASH,1,5350
DN-12929,TIER_2,APARTMENT_FLAT,1950,2150,2450,1.0,CASH,2,2550
DN-12930,TIER_2,INDEPENDENT_HOUSE,1900,2000,2300,1.0,UPI,2,2550
DN-12931,TIER_2,COMMERCIAL_SHOP,4200,4400,4700,1.0,CASH,2,5300
DN-12932,TIER_3,APARTMENT_FLAT,750,850,950,0.9,CASH,2,1000
DN-12933,TIER_3,INDEPENDENT_HOUSE,2350,2450,2650,1.0,CASH,3,2800
DN-12934,TIER_1,CLINIC_PROFESSIONAL,2150,2250,2550,1.0,UPI,3,2850
DN-12935,TIER_2,INDEPENDENT_HOUSE,1400,1500,1650,1.0,CASH,3,1800
DN-12936,TIER_1,APARTMENT_FLAT,1550,1600,1750,0.9,UPI,2,2000
DN-12937,TIER_2,INDEPENDENT_HOUSE,2300,2500,2850,1.0,CASH,3,3050
DN-12938,TIER_1,INDEPENDENT_HOUSE,1850,2050,2250,1.0,UPI,2,2400
DN-12939,TIER_2,APARTMENT_FLAT,700,800,900,1.0,CASH,1,950
DN-12940,TIER_2,APARTMENT_FLAT,2100,2350,2650,1.0,UPI,2,2850
DN-12941,TIER_2,COMMERCIAL_SHOP,2200,2350,2600,1.0,CASH,2,2900
DN-12942,TIER_1,APARTMENT_FLAT,0,2650,2850,0.9,UPI,3,3100
DN-12943,TIER_3,APARTMENT_FLAT,1050,1150,1300,1.0,CASH,2,1400
DN-12944,TIER_3,COMMERCIAL_SHOP,1200,1350,1500,1.0,UPI,2,1650
DN-12945,TIER_1,INDEPENDENT_HOUSE,1800,0,1950,0.7,UPI,3,2000
DN-12946,TIER_3,APARTMENT_FLAT,800,850,0,0.9,CASH,2,900
DN-12947,TIER_3,APARTMENT_FLAT,1350,1450,1550,1.0,CASH,3,1700
DN-12948,TIER_2,APARTMENT_FLAT,1050,1150,1300,1.0,CASH,3,1500
DN-12949,TIER_1,INDEPENDENT_HOUSE,0,0,0,0.4,UPI,4,2750
DN-12950,TIER_1,APARTMENT_FLAT,1600,1750,2000,0.7,UPI,1,1950
DN-12951,TIER_2,APARTMENT_FLAT,0,950,0,0.4,UPI,2,750
DN-12952,TIER_1,INDEPENDENT_HOUSE,3450,0,0,0.9,CASH,2,3650
DN-12953,TIER_2,COMMERCIAL_SHOP,5300,6000,6850,0.9,UPI,4,7200
DN-12954,TIER_1,INDEPENDENT_HOUSE,2900,3000,3200,1.0,UPI,1,3600
DN-12955,TIER_3,APARTMENT_FLAT,550,0,600,0.9,CASH,2,650
DN-12956,TIER_2,APARTMENT_FLAT,1450,1600,1750,1.0,CASH,4,1850
DN-12957,TIER_1,INDEPENDENT_HOUSE,4950,5300,5750,1.0,UPI,1,6000
DN-12958,TIER_2,APARTMENT_FLAT,1800,2000,2250,1.0,CASH,2,2450
DN-12959,TIER_1,INDEPENDENT_HOUSE,2550,2650,3000,1.0,UPI,3,3350
DN-12960,TIER_1,COMMERCIAL_SHOP,2650,0,2800,0.7,UPI,1,2750
DN-12961,TIER_2,INDEPENDENT_HOUSE,2300,2600,2750,1.0,UPI,1,2850
DN-12962,TIER_2,APARTMENT_FLAT,3100,3350,3700,1.0,UPI,1,3900
DN-12963,TIER_2,APARTMENT_FLAT,0,1500,0,0.4,CASH,1,1200
DN-12964,TIER_1,COMMERCIAL_SHOP,4300,4550,5200,1.0,CASH,3,5950
DN-12965,TIER_1,APARTMENT_FLAT,3150,3300,3550,1.0,UPI,2,4050
DN-12966,TIER_1,APARTMENT_FLAT,3800,4250,4600,1.0,UPI,2,4900
DN-12967,TIER_3,APARTMENT_FLAT,400,450,500,1.0,CASH,2,550
DN-12968,TIER_2,APARTMENT_FLAT,0,1400,1500,0.9,CASH,2,1600
DN-12969,TIER_2,INDEPENDENT_HOUSE,5200,5450,5850,1.0,CASH,3,6550
DN-12970,TIER_1,INDEPENDENT_HOUSE,5200,5700,6200,1.0,UPI,1,6800
DN-12971,TIER_2,APARTMENT_FLAT,2000,2150,0,0.7,UPI,1,2300
DN-12972,TIER_1,APARTMENT_FLAT,0,0,0,0.4,CASH,1,2900
DN-12973,TIER_2,INDEPENDENT_HOUSE,2300,2500,2750,1.0,CASH,4,3000
DN-12974,TIER_3,APARTMENT_FLAT,700,800,900,1.0,CASH,1,1000
DN-12975,TIER_1,APARTMENT_FLAT,3200,3550,4000,0.7,CASH,1,4200
DN-12976,TIER_1,INDEPENDENT_HOUSE,2650,3000,3400,1.0,UPI,1,3800
DN-12977,TIER_1,APARTMENT_FLAT,2500,2700,3000,1.0,UPI,1,3250
DN-12978,TIER_2,APARTMENT_FLAT,1150,1250,1350,1.0,CASH,2,1400
DN-12979,TIER_1,CLINIC_PROFESSIONAL,2050,2350,2700,0.9,CASH,4,2950
DN-12980,TIER_1,APARTMENT_FLAT,4400,4900,5550,0.9,CASH,2,5800
DN-12981,TIER_1,APARTMENT_FLAT,2750,3100,3300,1.0,UPI,1,3650
DN-12982,TIER_3,COMMERCIAL_SHOP,1400,1500,1650,0.9,CASH,3,1750
DN-12983,TIER_3,APARTMENT_FLAT,950,1050,1200,1.0,CASH,1,1300
DN-12984,TIER_1,APARTMENT_FLAT,3900,4150,4500,1.0,CASH,3,5100
DN-12985,TIER_2,INDEPENDENT_HOUSE,1800,2050,2250,1.0,CASH,2,2450
DN-12986,TIER_2,INDEPENDENT_HOUSE,2100,2300,2650,1.0,UPI,4,2950
DN-12987,TIER_1,INDEPENDENT_HOUSE,3350,3750,3950,1.0,UPI,3,4400
DN-12988,TIER_3,APARTMENT_FLAT,350,400,400,1.0,CASH,2,450
DN-12989,TIER_1,APARTMENT_FLAT,1700,1850,1950,1.0,UPI,1,2150
DN-12990,TIER_1,APARTMENT_FLAT,6000,0,6600,0.7,CASH,2,6400
DN-12991,TIER_1,APARTMENT_FLAT,3100,3350,3600,1.0,UPI,4,4000
DN-12992,TIER_2,APARTMENT_FLAT,1250,1350,1500,1.0,CASH,1,1650
DN-12993,TIER_1,COMMERCIAL_SHOP,4700,5150,5450,0.9,UPI,1,5700
DN-12994,TIER_2,APARTMENT_FLAT,2000,0,0,0.4,UPI,3,1750
DN-12995,TIER_2,APARTMENT_FLAT,1600,0,1700,0.9,CASH,2,1750
DN-12996,TIER_2,INDEPENDENT_HOUSE,1900,0,0,0.4,UPI,1,1650
DN-12997,TIER_1,INDEPENDENT_HOUSE,3400,3850,4150,0.9,UPI,2,4550
DN-12998,TIER_2,INDEPENDENT_HOUSE,1150,1300,1450,1.0,UPI,1,1550
DN-12999,TIER_2,APARTMENT_FLAT,2100,2250,2600,1.0,CASH,3,2850
